NPA,Violent_Crime_Rate_2016,Violent_Crimes_2016,Violent_Crime_Rate_2015,Violent_Crimes_2015,Violent_Crime_Rate_2013,Violent_Crimes_2013,Violent_Crime_Rate_2011,Violent_Crimes_2011,Property_Crime_Rate_2016,Property_Crimes_2016,Property_Crime_Rate_2015,Property_Crimes_2015,Property_Crime_Rate_2013,Property_Crimes_2013,Property_Crime_Rate_2011,Property_Crimes_2011,Disorder_Call_Rate_2016,Disorder_Calls_2016,Disorder_Call_Rate_2015,Disorder_Calls_2015,Disorder_Call_Rate_2013,Disorder_Calls_2013,Animal_Control_Call_Rate_2016,Animal_Control_Calls_2016,Animal_Control_Call_Rate_2015,Animal_Control_Calls_2015,Animal_Control_Call_Rate_2013,Animal_Control_Calls_2013,Animal_Control_Call_Rate_2011,Animal_Control_Calls_2011,Fire_Call_Rate_2016,Fire_Calls_2016,Fire_Call_Rate_2015,Fire_Calls_2015,Fire_Call_Rate_2013,Fire_Calls_2013,Nuisance_Violations_2016,Nuisance_Violations_Total_2016,Nuisance_Violations_2015,Nuisance_Violations_Total_2015,Nuisance_Violations_2013,Nuisance_Violations_Total_2013
2,4.9,11,4.5,10,6.9,15,9.3,19,46.9,105,31.1,69,32.8,71,120.16,245,200.5,449,196.8,436,243.7,528,36.2,81,36.2,78,43.8,95,58.4,119,46.9,105,38.4,85,35.1,76,5.4,58,13.8,149,5.8,63
3,4.1,33,2.1,17,2.2,17,2,13,82.4,658,61.1,485,59.5,465,77.4,508,207.2,1655,183.2,1454,169.5,1324,26.2,209,26.2,233,33.4,261,36.7,241,77,615,64.8,514,60.7,474,1.4,64,5.7,269,4,190
4,0,0,0.9,1,0,0,0,0,9.3,10,19.5,21,9.4,10,12.97,13,51.9,56,46.4,50,39.4,42,7.4,8,7.4,22,20.7,22,31.9,32,48.2,52,44.5,48,31,33,1.7,7,0.5,2,2.2,9
5,20.3,16,18.8,14,24.9,19,21.6,13,34.2,27,67.1,50,51.1,39,72.97,44,287.3,227,318.1,237,329,251,102.5,81,102.5,74,114,87,170.8,103,35.4,28,41.6,31,45.9,35,27.9,91,30.2,100,17.6,58
6,28.6,53,24.4,42,31,55,27.5,45,100.9,187,100.9,174,94.1,167,92.19,151,641.1,1188,567.9,979,482.8,857,138.7,257,138.7,220,157.8,280,179.5,294,45.3,84,64.4,111,49.6,88,26.6,217,39.9,326,32.7,268
7,1.5,2,0,0,0,0,0,0,19.1,25,22.1,29,20.9,27,31.85,38,105.5,138,101.5,133,83.5,108,14.5,19,14.5,35,23.2,30,36.9,44,81,106,69.5,91,44.1,57,5.2,22,3.8,16,2.4,10
8,1.1,2,0.5,1,1.3,2,0.6,1,26.4,49,16.8,31,19.1,29,18.74,33,92.6,172,89.7,166,95.1,144,28,52,28,63,65.4,99,42.6,75,26.9,50,37.8,70,51.5,78,4,41,12.5,129,4.4,45
9,3.2,2,3.3,2,0,0,3.7,2,50,31,37.9,23,53.2,31,63.2,34,121,75,143.3,87,154.4,90,46.8,29,46.8,22,77.2,45,91.1,49,41.9,26,44.5,27,27.4,16,15.1,46,14.6,44,19.7,60
10,17.4,66,11.5,43,13.5,48,14.9,50,72.1,273,77.6,290,78.4,279,84.05,282,383.1,1450,293.4,1096,354.4,1262,59.7,226,59.7,302,100.5,358,116.5,391,38,144,42,157,52,185,23.6,376,40.8,650,29.8,476
11,0.8,2,0.8,2,1.6,4,2.1,5,32.6,86,30.1,79,32,82,39.46,93,92.7,245,89.6,235,121.3,311,23.1,61,23.1,86,22.6,58,43.7,103,46.6,123,38.1,100,19.1,49,1.6,19,4.2,51,2.6,31
12,9.6,26,11.6,31,13.7,36,8.4,21,35.6,97,36.6,98,47.4,125,46.88,117,188,512,188.6,505,313.4,826,29,79,29,86,48.9,129,42.9,107,15.4,42,18.3,49,11,29,0.9,11,4.8,60,1.3,16
13,6.7,24,2.8,10,7,25,5.1,17,54,194,38.2,137,41.4,147,36.74,123,146.5,526,137.9,494,160.8,571,35.1,126,35.1,121,49,174,46.3,155,17,61,20.4,73,20.6,73,5.1,94,7.4,135,3.7,66
14,4,15,1.9,7,2.4,9,1.6,6,27,102,26.2,99,19.3,72,17.99,66,72.8,275,79,299,53.5,200,24.6,93,24.6,126,33.4,125,25.9,95,19.6,74,14.5,55,14.7,55,11.2,180,12.7,205,4.2,67
15,1.4,3,0,0,0,0,0,0,12.5,27,4.7,10,6.8,14,4.98,10,30.6,66,41.6,89,33.9,70,36.7,79,36.7,85,35.9,74,50.8,102,20.9,45,23.8,51,10.2,21,11,92,26.5,221,4.6,38
16,4.8,23,3.6,17,4.3,20,3.7,17,35.7,170,32.2,153,43.7,203,38.15,175,144.6,688,168.8,802,177.5,825,51.3,244,51.3,253,75.8,352,73.5,337,29.4,140,29.9,142,35.9,167,7.2,153,13.8,291,23.3,493
17,7.1,24,5.6,19,6.3,21,4.3,13,27.6,93,27.5,93,25,84,27.9,85,111.7,377,111,376,106.8,359,53.6,181,53.6,204,70.5,237,77.8,237,26.1,88,27.8,94,29.2,98,22.4,281,18.1,227,12.7,160
18,0.3,1,1.8,6,2.8,9,0.7,2,19.3,65,16.9,58,16.7,54,23.25,69,75.9,255,92.1,316,105.1,340,25,84,25,71,31.2,101,35.4,105,36.3,122,29.4,101,36.8,119,3.8,65,3.5,59,2.3,38
19,0.6,2,0,0,0.3,1,0.6,2,13.9,51,13.7,50,9.7,35,12.64,44,59.1,216,56.7,207,52.6,189,15.6,57,15.6,67,22.8,82,38.2,133,26,95,21.9,80,21.7,78,1.9,33,3.9,68,2.4,42
20,0.3,1,0,0,0,0,0,0,9.9,31,10.5,33,7.3,23,10.42,31,29.9,94,31.5,99,28,88,18.4,58,18.4,76,27,85,19.2,57,19.7,62,21,66,18.8,59,1.2,17,1.2,17,1,15
21,13.6,41,7.4,22,5.9,17,9.5,25,67.6,203,64.7,193,53.3,154,80.47,211,244.9,736,230.6,688,222.2,642,35.3,106,35.3,114,43.9,127,66.7,175,42.6,128,37.9,113,31.8,92,12.3,150,15.1,184,10.4,127
22,11.2,11,7.3,7,11.2,10,13.6,10,112.8,111,90.5,87,84.7,76,107.34,79,312,307,332,319,280.9,252,67.1,66,67.1,86,89.2,80,142.7,105,47.8,47,50,48,74.7,67,14.4,73,21.2,106,25,91
23,9,10,0,0,4.6,5,7.3,8,36.8,41,23.4,26,26.8,29,43.64,48,159.9,178,130.4,145,172.1,186,36.8,41,36.8,44,89.7,97,62.7,69,60.2,67,61.2,68,63.8,69,10.9,60,12.4,68,7.3,40
24,3.6,4,1.8,2,5.8,7,3.5,4,30.2,34,31,35,30,36,25.69,29,124.4,140,150.6,170,159.9,192,28.4,32,28.4,23,53.3,64,40.7,46,34.7,39,24.8,28,22.5,27,17.3,77,9.8,44,3.2,15
25,0.7,2,0.7,2,0,0,0.7,2,15.1,45,6.1,18,5.1,15,7.78,22,35,104,40.6,120,32.5,96,17.2,51,17.2,82,25.4,75,30.8,87,10.1,30,7.8,23,9.1,27,5.7,64,16,178,1.6,18
26,0.7,2,1,3,1.6,5,0.7,2,6.8,21,8.4,26,7.8,24,7.72,23,29.1,90,31.3,97,40.2,124,13.6,42,13.6,67,25.9,80,30.2,90,12.9,40,11,34,6.5,20,0.1,1,0.5,5,0.3,3
27,0.4,1,0.7,2,2.6,7,1.5,4,12.2,33,11.8,32,11.4,31,15.06,40,70.7,192,67.7,184,57,155,38.7,105,38.7,93,41.9,114,53.8,143,10.7,29,17.3,47,13.6,37,6.3,62,6.6,65,5.2,51
28,1.7,2,1.7,2,1.7,2,2.1,2,61.4,72,46,55,50.2,59,58.14,55,124.5,146,121.1,145,128.4,151,37.5,44,37.5,30,47.6,56,40.2,38,28.1,33,21.7,26,23.8,28,4.6,25,3.3,18,2,11
29,1.6,2,1.6,2,0,0,0,0,8.1,10,4.9,6,2.4,3,8.53,10,32.3,40,40.4,50,41.1,51,27.5,34,27.5,31,48.4,60,42.7,50,21.8,27,20.2,25,26.6,33,3.2,18,13.1,74,0.9,5
30,15.7,38,13.4,28,27.5,34,17.4,21,60.7,147,52.1,109,90.7,112,84.72,102,328.1,794,416.6,871,681,841,59.9,145,59.9,164,117.4,145,152,183,43.8,106,45.4,95,64,79,6.6,65,10.7,91,5.8,29
31,0,0,0.6,1,0.6,1,0.6,1,4.2,7,7.2,12,15.8,26,5,8,26.3,44,37.2,62,46.1,76,23.3,39,23.3,44,18.8,31,14.4,23,38.2,64,29.4,49,18.8,31,0.3,2,1.3,9,0.9,6
32,0,0,3,1,8.9,3,12.6,4,83.1,28,77.2,26,86.1,29,63.09,20,323.4,109,302.7,102,201.8,68,29.7,10,29.7,12,29.7,10,50.5,16,62.3,21,77.2,26,62.3,21,2.7,6,3.6,8,0.9,2
33,3.7,5,1.5,2,11.4,15,0.8,1,47.5,64,45.3,61,57.6,76,52.42,66,77.2,104,75.7,102,64.4,85,18.6,25,18.6,13,15.2,20,4.8,6,26,35,13.4,18,16.7,22,0.5,3,2.2,14,0.2,1
34,2.3,5,4.6,10,4.3,9,3.9,7,46,102,26.2,57,37.7,79,39.17,70,138.9,308,116.7,254,133,279,72.6,161,72.6,184,106.3,223,124.2,222,22.6,50,20.7,45,21.9,46,16.4,135,14.9,121,12.2,99
35,5.2,11,5.3,10,3.6,6,2.4,4,45.6,97,48.4,92,28.1,47,31.99,53,124.2,264,135.3,257,122.5,205,61.2,130,61.2,93,95,159,85.1,141,23.5,50,26.8,51,25.1,42,0,0,5.9,47,0.3,2
36,2.5,7,0.7,2,0.8,2,0.9,2,16.8,48,16.5,47,18.3,44,22.93,52,92.4,264,76,217,84.3,203,22.7,65,22.7,79,44.4,107,48.9,111,20.6,59,19.3,55,18.7,45,6.5,80,8.2,101,5.7,60
37,18.3,34,14.1,26,24.1,43,14.7,25,50.6,94,60.6,112,55.9,100,74.29,126,370.5,688,294,543,527.4,943,64.6,120,64.6,147,83.9,150,137.4,233,44.7,83,59,109,64.9,116,27.7,214,36.8,287,41.5,324
38,2.5,6,2.1,5,1.3,3,2.6,6,59.2,142,41.3,99,41.3,99,45.71,106,99.7,239,100.5,241,73,175,22.1,53,22.1,149,41.7,100,34.9,81,40.1,96,42.6,102,33.8,81,7.6,64,10.3,87,3.4,29
39,3.8,11,1.8,5,3.3,9,2.4,6,23.4,67,24.3,68,15.5,42,26.46,66,90.8,260,83.5,234,75.9,206,55.2,158,55.2,152,53.8,146,49.3,123,28.6,82,19.3,54,18.8,51,15.5,150,10.6,101,13.7,129
40,7.5,24,8.2,26,8.6,27,10.5,30,48.5,155,44.5,141,48.3,151,69.04,198,225,719,193,612,240.7,753,35.7,114,35.7,175,66.5,208,83.7,240,41.9,134,38.5,122,28.5,89,11.5,137,15,177,9.1,108
41,2.6,4,1.9,3,1.3,2,0,0,15.3,24,16.6,26,10.2,16,13.18,19,121.1,190,104.5,164,88.6,139,42.7,67,42.7,53,47.8,75,71.4,103,12.1,19,16.6,26,15.3,24,3.4,26,10.9,84,4.3,33
42,0.4,1,0,0,0,0,1.3,3,9.1,23,6.7,17,12.8,32,13.73,32,37.9,96,38.8,98,42.9,107,21.3,54,21.3,98,24.9,62,22.7,53,19.3,49,18.2,46,10.4,26,0.4,5,0.5,7,0.3,4
43,0,0,0,0,0.7,1,0,0,11.5,18,14.7,23,17.2,26,21.28,30,49.7,78,53,83,48.2,73,18.5,29,18.5,42,35.7,54,59.6,84,12.8,20,14.1,22,24.4,37,0.5,3,3.4,22,1.4,9
44,2.2,2,0,0,0,0,0,0,33.7,31,33.4,30,34.3,30,29.3,24,52.2,48,53.4,48,66.2,58,16.3,15,16.3,20,30.8,27,29.3,24,21.7,20,21.1,19,28.5,25,0,0,0.4,2,0.2,1
45,0.9,3,0.9,3,0,0,0.8,2,56.7,195,41.6,138,8.1,25,4.97,13,52.9,182,36.2,120,30.1,93,18,62,18,54,13.6,42,22.5,59,16.9,58,21.1,70,9.4,29,5.7,67,6.5,74,2.1,23
46,3.2,8,1.6,4,3.6,9,0,0,18.2,45,19,47,42.4,105,21,47,63,156,62.3,154,87.6,217,35.6,88,35.6,41,26.7,66,40.7,91,20.6,51,19.8,49,17.8,44,10.2,97,8.4,80,6.7,64
47,0.9,1,0,0,1.7,2,1,1,29.9,35,22.2,26,22.2,26,20.96,21,62.4,73,49.4,58,47.9,56,12.8,15,12.8,7,7.7,9,21,21,12.8,15,16.2,19,9.4,11,0.3,2,0.5,3,0.6,4
48,3.3,6,4.9,9,2.8,5,1.7,3,44.5,81,42,77,43,78,41.45,73,95,173,74.2,136,81,147,44.5,81,44.5,84,66.1,120,50,88,28,51,22.9,42,18.2,33,5.3,32,2.6,16,2.1,13
49,2.3,6,1.9,5,2.7,7,2.5,6,31.5,84,20.9,55,17.9,46,24.53,59,80.7,215,91.7,241,87.5,225,49.6,132,49.6,117,54.4,140,55.7,134,24,64,19.4,51,18.7,48,2.2,21,3.6,35,2.5,24
50,7.8,24,10.7,33,5.3,16,8.5,24,28.7,88,37.4,115,29.8,90,32.94,93,123.4,379,167.6,516,139.6,421,35.8,110,35.8,107,49.1,148,62.4,176,26.1,80,25.3,78,16.6,50,9.3,98,13.3,140,9.5,100
51,7.6,11,13,18,8.8,12,5.8,7,118.7,173,115.6,160,60.7,83,53.67,65,301.3,439,283.2,392,312.1,427,50.8,74,50.8,78,45.3,62,60.3,73,43.2,63,47.7,66,33.6,46,2.8,21,18.4,135,8.6,63
52,18.5,27,14.4,21,16.1,38,16.9,34,89.2,130,99.5,145,96.8,229,104.12,210,468.5,683,595.7,868,437.6,1035,37,54,37,95,56.2,133,83.3,168,46,67,51.5,75,35.5,84,16.2,89,22.1,122,2.8,25
53,17.1,60,13.8,48,12.4,37,13.2,36,43.9,154,37.2,130,38.3,114,45.1,123,311.6,1094,295.6,1032,376.2,1121,46.7,164,46.7,134,73.5,219,65.3,178,25.4,89,22.6,79,27.2,81,22.8,278,30.6,374,22.3,236
54,9,16,4,7,5.7,10,3.8,6,28.1,50,24.3,43,23.8,42,37.18,59,235.4,419,285.7,506,212,374,77,137,77,87,120.8,213,117.2,186,36.5,65,39,69,34,60,86.1,481,56.9,318,65.5,368
55,0.5,1,0,0,0,0,1.6,3,5.4,11,5,10,8.5,17,11.36,22,47.3,96,33.7,68,33,66,35.5,72,35.5,79,46,92,47.5,92,64.1,130,55.5,112,20.5,41,5.5,44,13.2,106,6.1,49
56,7.7,6,12.9,10,7.8,6,0,0,185.8,144,112.3,87,139.9,107,110.95,77,447.7,347,423.2,328,383,293,38.7,30,38.7,60,94.1,72,74.9,52,61.9,48,47.7,37,51,39,0.6,2,4.7,17,1.1,4
57,2.5,4,3.1,5,8.1,13,9.3,10,36.7,60,18.6,30,36.3,58,52.29,56,121.7,199,119.2,192,125.9,201,19.6,32,19.6,25,38.8,62,43,46,23.9,39,19.9,32,12.5,20,1.1,7,4,27,4,27
58,9.9,15,7.3,11,15.8,24,17.4,23,42.1,64,33.2,50,57.9,88,49.85,66,187.6,285,159.2,240,220.9,336,32.9,50,32.9,60,36.8,56,61.9,82,28.3,43,23.2,35,30.9,47,2.1,10,7.6,37,12,58
59,3.9,10,6.4,16,9.2,22,4.2,10,35.1,90,44.5,112,40.7,97,43.55,104,163.9,421,193.2,486,188.4,449,36.6,94,36.6,99,54.1,129,74.1,177,20.3,52,21.1,53,17.6,42,4.9,54,13.7,152,7.6,84
60,9.7,42,4.8,17,5,16,5.7,19,77.2,336,53.9,191,52.1,168,51.29,171,199.9,870,213.3,756,199.1,642,12.2,53,12.2,70,25.4,82,19.5,65,16.3,71,22,78,18.9,61,1.4,19,2.7,30,0.7,8
61,8.3,10,5,6,6.7,8,3.5,4,64.9,78,37.5,45,47.5,57,56.23,65,138.1,166,128.3,154,127.6,153,41.6,50,41.6,36,37.5,45,60.6,70,30.8,37,20,24,22.5,27,23.5,102,18.2,79,11.1,48
62,0,0,0,0,0,0,0.4,1,0.7,4,0.2,1,0.2,1,1.07,3,0.7,4,1.1,6,1,5,4.7,26,4.7,10,2.9,15,3.6,10,302.4,241,40.3,218,37.8,194,0,0,0,0,0,0
64,7.5,34,4.2,19,3,13,2.6,10,46.2,209,31,139,35.1,152,35.54,136,149,674,135.2,607,126.9,550,27,122,27,80,21.2,92,35,134,30.5,138,41.2,185,20.3,88,6.7,137,7.9,164,4.9,97
65,4.1,7,1.4,3,1.7,3,1.8,3,36.5,62,19.9,44,22.5,40,20.15,33,55.3,94,71.9,159,75.4,134,19.4,33,19.4,17,10.1,18,15.3,25,32.9,56,18.5,41,19.1,34,0.5,5,0.2,3,0.2,2
66,4.4,12,4,11,4.3,11,3.5,9,90.2,247,76.7,209,75.1,192,88.52,229,168.1,460,161.8,441,179.5,459,20.8,57,20.8,44,23.1,59,15.1,39,33.6,92,25,68,30.9,79,0,0,1.5,20,0.2,3
67,5.1,6,6,7,7.1,4,3.6,2,47,55,35.1,41,54.9,31,41.74,23,87.2,102,96.7,113,184.1,104,25.6,30,25.6,17,35.4,20,32.7,18,13.7,16,11.1,13,33.6,19,0.5,3,1.1,7,0,0
68,3.2,8,1.2,3,2.4,6,1.5,4,33.1,82,35.5,88,30.3,75,28.87,77,105.3,261,85.9,213,117,290,29.9,74,29.9,81,44,109,30,80,41.2,102,36.3,90,26.2,65,10.6,120,14,158,7,79
69,1.6,2,0,0,0,0,0.9,1,15.7,20,15.2,17,13.1,19,27.94,33,55.6,71,52.8,59,55.7,81,9.4,12,9.4,10,11.7,17,25.4,30,20.4,26,34,38,26.8,39,0.8,6,0.5,3,1.5,11
70,26.4,34,21.1,27,17.5,22,18.4,23,104.8,135,83,106,123.2,155,138.51,173,525.6,677,447.1,571,438,551,85.4,110,85.4,79,70.8,89,114.5,143,94.7,122,68.9,88,63.6,80,33.6,175,19,99,24.1,126
71,9.1,38,6.7,28,7.8,32,10.1,33,26.6,111,20.4,85,25,103,32.16,105,122.6,512,121.9,507,163.8,675,16,67,16,76,33,136,26.3,86,13.6,57,14.7,61,14.6,60,5.3,76,9.3,133,3.7,53
72,6.4,17,4,11,7.7,10,5.5,7,303.3,807,240.8,666,452.1,590,370.11,473,227.7,606,191.6,530,364.8,476,19.5,52,19.5,77,64.4,84,65,83,47,125,41.2,114,62.8,82,0.5,6,2,23,0.8,9
73,4.4,13,4.6,13,1.8,5,2.5,7,41.5,122,32.2,92,39.9,111,30.83,88,118.8,349,116.6,333,113.3,315,59.6,175,59.6,173,78.1,217,58.2,166,31.3,92,34.3,98,24.5,68,2.1,23,7.8,83,4.8,50
74,7,8,0.9,1,2.7,3,3.7,4,57,65,56.2,64,64.5,72,56.93,62,192.1,219,208.1,237,165.6,185,32.5,37,32.5,42,34,38,42.2,46,14.9,17,20.2,23,46.6,52,0.7,5,4.3,32,0.3,2
75,0,0,1,2,0,0,0,0,6.3,13,6.3,13,4.5,8,6.71,11,35.5,73,35.9,74,29.7,53,16.5,34,16.5,23,14,25,10.4,17,26.7,55,16.5,34,23.5,42,0.1,1,0.6,5,0.1,1
76,0.9,3,0.9,3,2,5,1,2,11.1,37,8.5,27,8.9,22,11.37,22,36,120,39.2,125,37.7,93,12.6,42,12.6,56,32.1,79,41.9,81,14.7,49,12.8,41,20.7,51,0.2,2,1.8,20,3.3,32
77,1.3,8,0.8,5,1.1,6,1.2,5,19.8,118,12.9,77,13.2,73,20.6,87,62,370,65,388,56.2,311,19.8,118,19.8,117,21.7,120,33.1,140,12.7,76,8.5,51,14.3,79,1.9,43,3.7,82,9.8,209
78,3.4,7,3.4,7,1.5,3,2.4,4,21.8,45,21,43,25.5,50,33.95,57,77.4,160,90.6,186,77.1,151,29,60,29,56,32.2,63,34.5,58,27.1,56,23.9,49,34.7,68,1.1,10,4.9,45,7.7,69
79,13.8,24,10.4,18,10.5,24,11,17,34.4,60,31.1,54,18.8,43,29.75,46,179.5,313,158.3,275,161.3,368,13.2,23,13.2,23,12.3,28,27.2,42,11.5,20,12.1,21,6.1,14,0.8,4,1.5,8,0.3,2
80,2.7,6,0.5,1,0.9,2,1.5,3,20.5,45,25.5,56,23,51,20.98,43,68.3,150,70.1,154,64.6,143,20.9,46,20.9,49,9.5,21,18.5,38,16.8,37,14.6,32,14,31,0.1,1,0,0,0.1,1
81,0,0,0,0,1.7,2,0.9,1,6,7,7.7,9,13.6,16,13.3,15,47.6,56,43.4,51,62.9,74,24.7,29,24.7,18,22.1,26,34.6,39,21.3,25,11.9,14,13.6,16,20.3,92,21.8,99,3.7,17
82,2.8,9,1.6,4,0.8,2,1.7,3,15.8,50,20.6,52,11.9,30,16.4,29,73.1,232,77.6,196,94.2,238,10.7,34,10.7,36,19.8,50,31.7,56,12.3,39,17.8,45,14.7,37,1,11,9.5,86,2.6,23
83,9.4,8,0,0,3.5,3,3.3,5,36.4,31,33,28,48.2,41,21.4,32,120.9,103,147.4,125,167.1,142,126.8,108,126.8,93,151.8,129,90.3,135,25.8,22,30.7,26,32.9,28,0,0,3.8,11,0,0
84,1.6,1,4.3,3,1.4,1,0,0,53.5,34,41.7,29,30.2,22,22.29,14,127.6,81,119.4,83,133.2,97,66.1,42,66.1,37,93.4,68,73.3,46,53.5,34,47.5,33,33,24,2.1,5,2.3,6,0,0
85,14.1,28,19.2,38,17.8,35,14.5,26,56.2,112,61.1,121,63.6,125,78.73,141,365.8,729,358.1,709,389.8,766,118.9,237,118.9,200,137.9,271,84.3,151,47.7,95,43.4,86,47.3,93,29.4,226,52.9,408,46.7,362
86,6.7,21,5.1,16,8.6,25,12.6,29,27,85,23.3,73,19,55,27.86,64,131,412,155.6,487,184.7,535,28.3,89,28.3,66,22.4,65,34,78,9.9,31,13.7,43,21.1,61,1.2,13,10.3,115,0.9,9
87,6,10,6,10,6,10,7.1,11,29,48,25.4,42,30.6,51,27.03,42,140.5,233,153.5,254,113.9,190,15.7,26,15.7,48,36.6,61,48.3,75,14.5,24,19.9,33,17.4,29,9.1,62,9.1,62,6.3,43
88,22.2,27,20.6,25,15.6,20,14.4,17,51.1,62,49.5,60,34.4,44,66.84,79,439,533,616.7,748,530.1,678,103,125,103,123,146.2,187,140.4,166,44.5,54,53.6,65,36,46,54.9,256,39.5,185,31.7,150
89,3.3,5,2.6,4,4,6,2.1,3,14.4,22,11.8,18,17.3,26,26.79,39,56.3,86,67.3,103,78.6,118,77.2,118,77.2,120,45.3,68,64.6,94,15.7,24,17.6,27,14,21,14.6,80,31.5,173,34.6,190
90,11.5,23,17,34,10.2,20,10.7,19,30.5,61,35.1,70,32,63,50.11,89,172.3,345,198.3,396,192.5,379,39,78,39,94,63,124,76.6,136,21.5,43,9,18,12.2,24,8.5,70,13,108,6.5,54
91,4.2,10,0.8,2,1.3,3,3.6,8,18.7,45,14.1,34,12.2,29,22.22,50,58.5,141,58.9,142,51.1,121,60.6,146,60.6,88,52.8,125,67.6,152,19.1,46,18.3,44,12.7,30,16.2,136,24.2,203,30.6,257
92,1.7,4,1.3,3,2.6,5,3.3,5,32.4,78,24.8,59,30.6,58,42.14,63,107.2,258,110,262,143.6,272,18.3,44,18.3,40,21.7,41,17.4,26,40.3,97,34.4,82,27.5,52,0.2,3,4.7,63,0.8,8
93,4.4,6,3.7,5,3,4,4.1,5,35,48,34.4,47,32.5,44,40.45,50,108.5,149,145.8,199,124.2,168,21.1,29,21.1,25,24.4,33,23.5,29,40.8,56,35.2,48,38.4,52,0.5,3,1.9,12,0.3,2
94,7.3,8,8.2,9,3.7,4,6.8,7,64.5,71,57.4,63,56.9,62,82.13,85,279.8,308,284.2,312,280.1,305,84.5,93,84.5,98,93.7,102,102.4,106,82.7,91,78.3,86,81.7,89,93.7,354,29.3,111,32.2,122
95,2.4,4,1.2,2,4.8,8,0,0,28.7,48,26.9,45,22.1,37,34.44,55,90.9,152,86.1,144,85.5,143,25.7,43,25.7,88,37.7,63,47,75,24.5,41,20.9,35,20.3,34,10,67,18.9,127,5.8,39
96,4.1,18,2.1,9,1.5,5,2.5,8,80.8,357,81.2,347,79.5,271,66.21,214,136.7,604,131.3,561,165.7,565,31,137,31,125,55.4,189,38.7,125,22.2,98,16.6,71,23.8,81,6,112,13.5,244,4.5,68
97,2.6,10,1.6,6,1.1,4,0.8,3,10.5,40,8.2,31,8.7,33,9.29,33,44.3,168,40.3,153,51,193,27.1,103,27.1,78,32.5,123,36.3,129,11.3,43,19.5,74,13,49,2.3,35,2.4,37,1.8,28
98,1.4,4,1.5,4,2.6,7,0.4,1,19.2,54,22.3,61,13.6,36,11.7,28,93.6,264,84,230,58.2,154,39.4,111,39.4,141,43.4,115,51.8,124,16,45,15.7,43,18.1,48,4.5,44,4.6,43,4.2,39
99,3.3,5,2,3,3.3,5,2,3,44.3,68,25.4,39,42.9,66,17.03,25,109.5,168,84.2,129,117.7,181,50.9,78,50.9,68,70.2,108,60,88,27.4,42,29.4,45,44.2,68,16.7,108,19.8,128,15.4,99
100,13.3,23,13.3,23,13.2,22,6.1,11,68,118,71.4,123,88.7,148,65.09,118,263.8,458,264.5,456,298.6,498,102.5,178,102.5,172,100.7,168,84.4,153,36.9,64,41.8,72,42,70,17.6,123,23.4,164,8.6,60
101,20.1,47,7.3,17,9.6,22,18.1,33,41.9,98,32.6,76,32.4,74,36.83,67,101.3,237,121.5,283,121.3,277,32.1,75,32.1,54,27.2,62,28,51,12.8,30,18.9,44,19.7,45,1.9,14,4.1,30,1.7,12
102,8.8,13,6.1,9,4.9,7,7.5,10,52,77,37.3,55,37.4,54,49.36,66,137.8,204,110.6,163,135.1,195,58.1,86,58.1,107,70.7,102,84.5,113,22.3,33,22.4,33,20.1,29,15.4,81,12.4,65,14.5,76
103,15.9,25,17.2,27,20.5,31,12.6,17,45.8,72,58.7,92,54.2,82,46.81,63,277.4,436,218.3,342,247.7,375,31.8,50,31.8,46,56.1,85,61.7,83,21,33,16.6,26,23.8,36,12.9,62,14,67,12.9,62
105,2.9,5,1.5,2,1,1,1.2,1,19.4,33,17.6,24,7.8,8,12.99,11,52.3,89,55.7,76,40.7,42,25.3,43,25.3,43,30.1,31,29.5,25,20.6,35,22,30,16.5,17,5,39,8.5,54,1.5,8
106,12.4,20,9.3,15,10.1,16,10.4,13,64.4,104,69.4,112,72.2,114,111.46,140,208.8,337,215.5,348,241.9,382,26.6,43,26.6,64,39.9,63,32.6,41,31,50,42.1,68,28.5,45,6.7,49,19.3,141,6.9,50
107,3.6,5,2.2,5,4.5,10,3.5,7,29.2,41,22,49,22.9,51,42.32,84,120.4,169,75.9,169,103.2,230,29.9,42,29.9,46,28.3,63,32.8,65,24.2,34,14.4,32,13.5,30,0.7,5,0.9,10,0.4,4
108,0.7,1,7,10,7,10,,,32.1,46,29.9,43,35.6,51,28.05,37,,,107.9,155,,,35.6,51,35.6,96,20.3,29,,,32.1,46,9.8,14,5.6,8,,,9.1,50,,
109,2.4,6,1.6,4,2.2,5,2.8,6,88.5,226,68.7,169,46.9,108,84.77,182,140.2,358,148.4,365,139.3,321,24.7,63,24.7,55,28.2,65,41,88,20.4,52,13.4,33,21.3,49,0,0,3.7,34,0.3,3
110,1.6,3,2.7,5,0.5,1,1.2,2,24.8,46,24.4,45,23.1,43,23.34,39,69.5,129,79.2,146,76.9,143,37.2,69,37.2,66,43,80,37.1,62,25.9,48,23.9,44,19.9,37,1.2,9,4.2,32,2.2,17
111,0.3,1,1.9,6,0.7,2,2.2,5,18.7,56,10,32,13.2,38,16.71,38,48.6,146,46.7,149,51.6,149,23,69,23,64,43.6,126,36.9,84,20,60,11.6,37,21.5,62,6.3,68,11.7,134,3.8,42
112,3.2,5,2,3,0.7,1,3.1,4,27,42,16.4,24,13.7,19,25,32,79.7,124,62.7,92,66.9,93,47.6,74,47.6,82,51.8,72,57,73,26.4,41,16.4,24,23,32,0.9,5,1.8,10,1.3,7
113,5.9,24,3.5,14,2.4,9,2.2,8,44.3,181,29.7,119,32.6,123,36.36,132,99,404,100.1,401,94.5,356,39.4,161,39.4,186,46.7,176,47.9,174,19.8,81,20.5,82,22.8,86,9.3,135,12.4,176,9.5,130
114,14.8,19,10.4,13,12.4,15,8.3,10,34.4,44,35.2,44,49.6,60,46.43,56,156.1,200,190.3,238,150.4,182,71,91,71,92,124.8,151,73.8,89,30.4,39,40,50,28.9,35,42.4,187,27.6,117,12.7,54
115,0.4,2,0.2,1,0.5,2,0.9,3,8.7,43,3.7,18,5.1,20,9.06,30,27.8,137,23.9,116,28,111,10,49,10,78,17.9,71,23.3,77,18.9,93,20.4,99,21.5,85,0.2,3,1.9,34,1.4,24
116,,,,,,,8.5,24,,,,,,,86.62,244,,,,,,,,,,,,,,,45,174,9.5,36,13.1,46,,,,,,
117,3,12,1.8,7,2.7,10,1.5,5,24.7,100,16.8,67,20.7,78,26,86,102.4,415,73.6,293,73.1,275,32.8,133,32.8,94,37,139,51.7,171,23,93,19.4,77,17.8,67,8.3,123,14,204,11.8,167
118,0,0,0,0,0,0,,,6.4,8,8.1,10,10,12,8.63,10,,,21,26,,,32.6,41,32.6,42,16.6,20,,,15.9,20,4,5,6.6,8,,,2.1,9,,
119,6.6,9,8.9,12,2.2,3,4.6,6,91.2,124,84.2,114,67.9,91,68.65,90,216.2,294,217.9,295,197,264,95.6,130,95.6,118,93.3,125,76.3,100,53.7,73,31,42,44.8,60,9.9,46,20.3,95,17.5,82
120,15.7,23,17.2,26,20.3,30,4.1,6,64,94,53,80,71,105,64.09,93,279.3,410,251,379,229.9,340,62,91,62,85,70.3,104,65.5,95,52.5,77,39.1,59,21,31,23.1,134,26.4,158,12.3,73
121,4.4,10,6.2,14,4.9,11,8.2,17,67.1,153,32.5,74,27.1,61,60.81,126,156.1,356,143.3,326,123.3,278,71.9,164,71.9,153,105.5,238,92.7,192,55.7,127,44.8,102,30.2,68,43.1,355,37.2,307,33.6,277
122,,,,,,,,,,,,,,,,,,,,,,,,,,,,,,,,,,,,,,,,,,
123,11.4,29,9.1,23,7.1,18,4.9,12,44.9,114,42.3,107,53.7,136,41.34,101,203.9,518,168.4,426,150.7,382,49.2,125,49.2,112,48.1,122,47.9,117,47.2,120,37.6,95,49.7,126,6.3,69,7.7,84,9.9,108
124,31.8,65,22.7,47,29.5,60,19.4,35,223.5,457,311.6,645,362.2,737,379.22,686,775.1,1585,644,1333,623.1,1268,113,231,113,201,110.6,225,107.2,194,95.4,195,85.5,177,77.6,158,10.7,95,30.5,271,11.8,105
125,8.4,25,8.9,26,11.3,32,9.5,28,60.7,180,58.5,172,58.8,167,53.49,157,179.6,533,215.7,634,210.5,598,49.5,147,49.5,158,72.2,205,80.8,237,37.8,112,37.4,110,45.8,130,12.6,135,16.4,175,12.1,127
126,3.2,2,9.3,5,2.8,1,76.9,1,81.9,51,57.5,31,64.3,23,"2,076.92",27,276.1,172,270.9,146,293.3,105,24.1,15,24.1,11,19.6,7,615.4,8,20.9,13,39,21,47.5,17,1,3,3.6,9,2.1,4
127,6.7,16,5.1,12,7.6,18,8,21,29.2,70,29.5,70,33,78,35.97,94,127.9,307,128.6,305,121.9,288,32.1,77,32.1,106,36.8,87,43.6,114,38.3,92,43.9,104,26.2,62,7.4,73,9,89,6.2,61
128,13.7,40,8.3,24,12.3,35,7.6,19,33.9,99,30.5,88,42.4,121,54.33,136,193,563,152.4,440,163.6,467,80.6,235,80.6,204,103.4,295,106.3,266,24.7,72,25.6,74,20.3,58,29.9,311,20.8,217,15.2,159
129,0.5,1,0,0,0.5,1,0,0,4.9,11,4,9,4.6,10,9.16,20,34.1,76,39.5,88,39.4,86,15.7,35,15.7,42,22,48,16,35,11.2,25,12.1,27,13.3,29,0.7,6,6.6,57,0.6,5
130,0.6,1,2.2,4,1.1,2,0.7,1,17.7,32,25.4,46,15.7,28,22.15,34,60.8,110,59.7,108,60.4,108,34.3,62,34.3,46,27.4,49,37.8,58,19.9,36,17.7,32,18.5,33,0.1,1,1.6,12,0,0
131,1.4,3,0,0,1,2,1.1,2,19.5,42,6.1,13,11.7,23,8.86,16,51.5,111,52.6,112,34.6,68,48.7,105,48.7,72,29.5,58,49.3,89,9.7,21,16,34,9.2,18,4.4,35,4.7,37,2.8,21
132,0,0,1.9,1,3.9,2,4.4,2,32.3,17,24.6,13,29.1,15,34.93,16,127.1,67,122.9,65,110.7,57,41.8,22,41.8,38,97.1,50,56.8,26,19,10,28.4,15,50.5,26,18.9,53,33.1,93,10.8,30
133,0,0,0,0,0.9,1,0,0,14.7,16,14.8,16,15.9,17,17.29,17,51.6,56,51.9,56,63.6,68,8.3,9,8.3,14,35.5,38,40.7,40,23,25,11.1,12,12.2,13,1.8,11,1.4,9,1,6
134,8.7,11,4.8,6,4.9,6,6.3,5,24.5,31,25.6,32,28.7,35,47.86,38,130.4,165,119.8,150,95.2,116,33.2,42,33.2,60,68.1,83,80.6,64,26.1,33,15.2,19,23,28,17.8,80,8.5,38,14.3,64
135,13.4,17,9.4,12,7.1,9,11.2,14,74.9,95,51.4,66,64,81,72.12,90,206.6,262,219.6,282,210.3,266,13.4,17,13.4,33,33.2,42,33.7,42,47.3,60,56.1,72,26.9,34,0.4,2,2.2,12,0.5,3
136,1.9,4,1,2,1,2,0,0,14.5,31,12.4,26,13.3,27,12.45,23,42.2,90,46.3,97,44.8,91,36.6,78,36.6,48,22.1,45,37.9,70,16.4,35,14.8,31,16.7,34,2.2,18,5,40,6,47
137,4.1,7,5.8,10,2.9,5,2.7,5,57.5,99,49.5,85,34.8,59,57.1,105,119.6,206,117.5,202,113.7,193,62.7,108,62.7,144,74.8,127,57.1,105,30.2,52,25,43,36.5,62,16.6,91,14.4,79,14.2,78
138,54.7,42,41.8,32,27.4,21,29.8,21,187.5,144,201.3,154,96.6,74,161.93,114,1408.9,1082,1324.2,1013,870.8,667,157.6,121,157.6,129,167.1,128,132.1,93,93.8,72,74.5,57,104.4,80,36.7,92,47,118,36.3,91
139,8.4,14,9.6,16,7.2,12,7.5,11,56.2,94,57.6,96,46.6,78,48.81,72,182.8,306,193.9,323,136.9,229,50.2,84,50.2,85,75.3,126,78.6,116,52,87,46.2,77,29.3,49,16.2,107,15.6,103,17.4,115
140,6.8,20,8.8,26,6.3,17,3.9,10,61.5,181,53.8,159,55.5,149,62.18,159,182.7,538,228,674,206,553,58.8,173,58.8,198,85.3,229,73.5,188,42.5,125,40.9,121,29.4,79,12.1,130,16.6,178,8.1,87
141,32.1,31,28.1,27,25.3,25,21.6,19,165.5,160,138.4,133,133.3,132,143.02,126,887.3,858,846,813,784.9,777,112.7,109,112.7,91,111.1,110,119.2,105,77.6,75,100.9,97,80.8,80,12.6,43,21.5,73,32.3,111
142,9,24,4.9,13,7.3,19,4.7,11,141.1,376,138.5,365,92.4,239,109.47,259,202,538,173.1,456,185.9,481,52.2,139,52.2,110,79.2,205,107.8,255,40.5,108,34.9,92,19.3,50,10.5,136,23.8,309,4.5,59
143,0,0,0,0,0,0,0,0,7.4,10,5.1,7,5.9,8,6.8,9,38.4,52,27.9,38,53.9,73,15.5,21,15.5,30,41.4,56,16.6,22,14.8,20,14.7,20,17,23,1,6,2.4,15,1.8,11
144,,,6.2,13,10.3,21,,,10.3,22,28.9,61,38.9,79,,,,,,,,,,,,,,,,,21.1,45,10.9,23,9.4,19,3.4,33,1.2,11,9,83
145,,,5.3,9,3,5,,,51,87,66.7,113,42.6,71,,,,,,,,,,,,,,,,,15.3,26,20.1,34,12.6,21,1.7,11,2.2,14,2.2,14
146,1.6,3,3.8,7,5.5,10,1.8,3,49.9,94,41.2,77,36.3,66,38.21,65,150.7,284,110.3,206,131.1,238,40.9,77,40.9,113,53.4,97,52.9,90,29.7,56,20.4,38,27,49,9.3,62,14.7,97,14.4,95
147,6.8,16,6.5,15,2.7,6,9.9,20,29.5,69,26,60,30.9,69,46.44,94,143.6,336,127.7,295,160.3,358,39.3,92,39.3,103,41.6,93,56.3,114,25.6,60,27.7,64,26.9,60,3.1,33,12.8,137,5.4,57
148,0,0,0.8,2,0.4,1,0,0,8.9,22,8.9,22,5.3,13,4.66,10,19.9,49,21.9,54,25.2,62,8.9,22,8.9,37,17.5,43,26.1,56,15.8,39,15.8,39,11,27,0.9,8,2.6,24,1.2,11
149,0,0,0,0,2.6,2,1.6,1,8.8,8,7.7,7,14.4,11,14,9,29.7,27,29.7,27,54.9,42,17.6,16,17.6,13,20.9,16,10.9,7,57.2,52,53.9,49,27.5,21,0.2,1,7.8,35,1,4
150,0.5,1,3.3,6,2.2,4,2.3,4,29.7,55,16.8,31,28.4,52,21.05,37,86.4,160,87.3,161,93.3,171,44.3,82,44.3,78,52.9,97,71.7,126,20,37,13,24,19.1,35,8.2,56,9.6,65,8.8,60
151,0.3,1,0.3,1,0.9,3,0.6,2,3.2,11,5.8,20,5.5,19,8.99,29,18.4,64,19,66,26.5,91,17.3,60,17.3,45,18.6,64,17.4,56,20.5,71,15,52,14.3,49,0.4,5,1.3,14,1.2,13
152,3.7,3,2.5,2,1.2,1,0,0,7.4,6,17.3,14,13.5,11,24.26,18,69.5,56,34.7,28,36.7,30,28.5,23,28.5,29,30.6,25,75.5,56,9.9,8,29.7,24,9.8,8,12.6,37,13.9,41,2.4,7
153,2.3,9,1.5,6,1.8,7,0.5,2,25.3,99,16.1,63,17.1,67,20.52,77,65.5,256,49.4,193,64,250,15.9,62,15.9,57,18.9,74,19.7,74,13.8,54,16.4,64,9.2,36,4.2,51,3,37,1.6,20
154,1,3,0.3,1,2,6,1.4,4,12,36,20.3,61,13,39,14.38,42,41.6,125,43.9,132,49.2,148,23,69,23,66,27.3,82,27.1,79,32.6,98,24.6,74,10.3,31,4.4,50,6,68,5.5,63
155,1.1,3,0.7,2,1.9,5,1.3,3,18.9,54,18.1,50,18.6,50,20.98,50,67.9,194,58.7,162,66.1,178,39.2,112,39.2,92,50.8,137,53.3,127,16.4,47,18.5,51,17.1,46,13.8,143,11.2,112,11.4,113
156,4.4,16,1.7,6,3.3,11,3,9,19.1,70,23.5,83,23,76,26.71,79,74.7,274,94.2,333,90.3,298,39.2,144,39.2,160,44.9,148,46,136,23.4,86,20.7,73,19.7,65,15.3,192,10.8,130,7.9,92
157,26,34,44.2,54,39.2,68,36.6,56,113.3,148,151.4,185,123.8,215,169.17,259,1323.1,1728,1509,1844,863,1499,67.4,88,67.4,81,93.8,163,79.7,122,142.4,186,137.5,168,72,125,36.1,104,35.8,103,25.3,99
158,8.7,32,6.8,25,7.2,26,3.3,11,41.2,151,30.9,113,43,155,45.43,153,117.2,429,102.5,375,119.4,430,52.7,193,52.7,200,67.5,243,65,219,31.4,115,28.4,104,23.9,86,13.2,170,21.7,279,10.5,135
159,16.2,18,14.7,16,16.4,17,11,10,52.1,58,42.4,46,49.3,51,47.3,43,253.4,282,228.4,248,233.8,242,67.4,75,67.4,70,115,119,128.7,117,27.9,31,44.2,48,48.3,50,31.2,124,41.7,162,13.9,53
160,9.3,27,10,29,3.8,11,4.1,11,40.6,118,54.8,159,37.7,108,56.15,152,165.6,481,165.1,479,147.1,422,61.3,178,61.3,195,94.1,270,87.6,237,37.9,110,34.1,99,22.3,64,23.7,262,18.5,205,15.3,169
161,2.6,7,2.3,6,1.1,3,3.9,10,26.1,70,28.2,75,34.3,90,23.16,59,60,161,58.7,156,73.5,193,18.3,49,18.3,53,35.8,94,27.1,69,23.9,64,21.5,57,10.7,28,0,0,0.4,4,0.1,1
162,5.1,10,5.7,11,4.2,8,5.5,10,40.1,78,32,62,39.3,75,40.07,73,136.6,266,116.5,226,141.3,270,85.3,166,85.3,151,72.7,139,89.5,163,18,35,15.5,30,15.7,30,16.1,112,30.3,211,13.7,96
163,11.2,10,5.5,5,5.8,5,3.7,3,78.5,70,80.9,73,75.6,65,96.58,79,600.9,536,546.6,493,446.5,384,44.8,40,44.8,34,22.1,19,74.6,61,102,91,104.2,94,62.8,54,3.2,17,8.6,47,9.4,51
164,17.7,85,13.1,61,16.6,80,16.1,59,46.7,224,45.2,211,54.2,261,57.31,210,253.4,1216,241.7,1128,219.7,1057,30.6,147,30.6,139,48.6,234,66.3,243,29.4,141,24.6,115,28.3,136,7.7,136,16.4,286,9.9,179
165,7.7,19,7.7,19,5.8,14,8,16,37.9,93,28.8,71,24.4,59,59.27,118,133.9,329,146.2,360,113.6,275,25.2,62,25.2,107,51.2,124,35.7,71,23.6,58,19.9,49,18.2,44,11.6,106,12.1,110,11.4,104
166,6.3,8,14.2,18,4,5,5.3,5,61,77,47.3,60,57.1,71,77.17,73,219.3,277,185.3,235,169.6,211,27.7,35,27.7,43,39.4,49,47.6,45,30.9,39,26,33,16.9,21,4.1,22,4.5,24,4.1,22
167,9.9,8,11.1,9,11.3,9,10.5,8,45.9,37,52,42,46.6,37,74.51,57,203.2,164,258.7,209,214.1,170,69.4,56,69.4,49,55.4,44,53.6,41,53.3,43,53.2,43,20.2,16,3.1,11,5.8,21,3.9,14
168,4.4,7,5.7,9,5.1,8,2.8,4,30.4,49,25.2,40,26.1,41,39.86,57,141.5,228,162.3,258,122.3,192,65.8,106,65.8,134,103.2,162,93.7,134,24.2,39,14.5,23,16.6,26,24.1,153,14.7,93,13.6,86
169,0,0,0.5,1,0.5,1,1,2,8.9,21,6.9,15,5.2,11,4.06,8,25.3,60,21.5,47,21.3,45,13.9,33,13.9,63,14.7,31,11.2,22,15.6,37,13.2,29,7.1,15,0.1,1,0.4,3,0.1,1
170,0,0,0,0,0.6,1,0,0,11.5,21,12.6,23,14.2,26,8.13,14,32.8,60,25.1,46,25.7,47,9.3,17,9.3,11,21.9,40,22.1,38,27.9,51,16.4,30,20.3,37,0.3,2,0.8,5,0.3,2
171,1,1,1.1,1,1.1,1,3.5,3,66.1,66,48.9,44,49.4,45,76.2,65,167.2,167,152.4,137,128.4,117,26,26,26,27,31.8,29,56.3,48,47.1,47,48.9,44,56,51,0.2,1,3,12,0.5,2
172,0.7,2,1,3,1,3,0.4,1,9.1,28,13.7,42,16.4,48,22.06,56,55.4,170,67.9,208,49.1,144,23.8,73,23.8,55,24.2,71,17.3,44,14.3,44,21.6,66,24.2,71,0.5,6,1.2,13,0.3,3
173,11.7,14,13.1,15,8.4,9,2.1,2,54.2,65,48,55,54,58,55.67,53,144.3,173,94.2,108,152.7,164,62.6,75,62.6,61,96.8,104,91.4,87,20,24,14,16,24.2,26,8.4,35,21.8,88,23.3,91
174,5.2,9,2.9,5,4,7,2.5,4,48.8,84,53.4,92,35.2,61,51.14,81,101.6,175,113.8,196,139.2,241,79.5,137,79.5,131,64.1,111,94.7,150,40.6,70,38.9,67,28.3,49,11.8,74,9.3,58,3.5,22
175,0,0,0,0,0,0,0.6,1,2.2,4,4.4,8,12.1,22,12.06,21,20.8,38,33.3,61,30.9,56,27.9,51,27.9,53,37,67,33.9,59,25.2,46,16.9,31,13.2,24,2.9,20,6.4,44,1.5,10
176,0.3,1,0,0,0,0,0,0,9.2,28,5.3,16,3.6,11,5.4,16,20.8,63,19.5,59,24.4,74,21.4,65,21.4,69,17.5,53,25.7,76,14.8,45,15.8,48,9.6,29,1.3,15,1.2,14,1.1,13
177,0,0,0.5,1,0,0,1,2,7.4,14,5.4,10,4.3,8,5.05,10,20.2,38,25.1,47,22.7,42,25.5,48,25.5,45,21.6,40,25.8,51,25,47,30,56,37.9,70,0.9,7,2.4,19,2.2,17
178,3.7,10,2.9,7,3.8,8,4.9,9,65.9,180,45.7,111,62,131,68.53,125,97.7,267,116.4,283,96.5,204,23.4,64,23.4,69,28.9,61,26.9,49,45,123,51,124,45.4,96,2.3,30,4.5,53,0.2,2
179,0,0,0,0,0,0,0,0,10,16,13.6,22,11.8,19,10.12,16,45,72,56.1,91,57,92,10,16,10,27,18,29,16.5,26,30.6,49,34.6,56,27.9,45,3.8,25,5.3,35,1.1,7
180,2.7,4,4.2,6,2.3,3,6.6,8,53.1,80,29.1,42,48.5,63,26.23,32,97.5,147,92.7,134,114.6,149,42.5,64,42.5,98,56.9,74,70.5,86,21.9,33,27,39,15.4,20,19.6,102,24.8,125,17.6,85
181,0.7,2,0.7,2,0.7,2,0.4,1,17.4,50,13.6,39,15.4,43,17.89,45,37.9,109,54.5,156,57.4,160,21.2,61,21.2,71,39.1,109,32.6,82,19.5,56,21.3,61,28.7,80,1.5,19,2.8,35,0.8,10
182,22.8,18,20.5,16,11.6,9,14.9,11,172.6,136,106.6,83,102.7,80,99.05,73,423.9,334,501.9,391,494.2,385,53.3,42,53.3,44,110.4,86,123.5,91,62.2,49,64.2,50,47.5,37,18.7,50,30.2,81,14.9,40
183,3.5,3,3.5,3,2.4,2,3.7,3,35.8,31,32.2,28,20.1,17,39.75,32,151.5,131,191,166,150.9,128,68.2,59,68.2,65,61.3,52,84.5,68,20.8,18,31.1,27,22.4,19,5.1,18,5.7,20,9.7,34
184,0.7,1,0,0,1.5,2,0,0,18.3,25,27,37,15.7,21,22.17,28,55.5,76,80.4,110,76.1,102,32.1,44,32.1,51,29.1,39,29.3,37,16.8,23,24.1,33,29.1,39,4.6,32,22.1,153,4.6,32
185,3.9,12,5.7,17,3.7,11,3.6,10,29,89,24.7,74,23.4,69,26.93,74,99.5,305,97.3,292,94.5,279,12.7,39,12.7,38,25.8,76,31.7,87,18.6,57,12.7,38,14.6,43,0.4,5,4,54,0.4,6
186,4.4,11,4.9,12,5,12,2.6,6,52,130,30.7,76,48.7,118,42.44,100,82.8,207,84.6,209,118.1,286,58.8,147,58.8,131,65.3,158,70.9,167,26.4,66,23.5,58,22.3,54,13.8,114,25.6,212,27.6,228
187,2,2,0,0,1,1,0,0,10,10,11,11,7,7,11.47,11,47.8,48,35.9,36,39.8,40,20.9,21,20.9,35,31.9,32,16.7,16,24.9,25,19.9,20,13,13,0.3,1,0.7,3,0.3,1
188,0.6,1,0,0,0.6,1,1.3,2,7.5,13,12.2,21,8.3,14,8.7,13,28.4,49,26.2,45,24.3,41,22,38,22,18,11.9,20,26.1,39,12.2,21,18,31,14.2,24,0.6,4,1,7,1,7
189,0,0,2.9,3,1,1,0,0,16.6,17,12.7,13,14.7,15,6.28,6,62.5,64,71.3,73,23.4,24,14.7,15,14.7,12,25.4,26,12.6,12,18.6,19,14.7,15,20.5,21,0,0,0.9,4,0,0
190,9.5,10,7.7,8,2.9,3,7.7,7,48.6,51,60.3,63,60.8,63,103.83,95,145.9,153,141.6,148,118.7,123,82.9,87,82.9,96,107.1,111,82,75,44.8,47,42.1,44,49.2,51,16.5,63,22,84,24.4,93
191,0.9,2,1.3,3,0.9,2,0.4,1,19.9,47,12.7,30,17.1,40,16.72,38,53.4,126,48.4,114,45.8,107,22.9,54,22.9,59,28.3,66,23.8,54,15.7,37,15.3,36,12.4,29,1.1,10,1.9,18,2.9,27
192,5.4,14,3.8,9,3.6,8,2.8,5,37.9,98,47.7,114,44.8,99,46.15,84,105.2,272,106.3,254,108.7,240,34.4,89,34.4,71,53.9,119,40.7,74,29.8,77,34.7,83,34,75,7.8,80,3.6,34,5.4,49
193,2.3,3,0,0,0.8,1,3.3,4,20.3,27,20.3,27,39.1,52,22.33,27,104.6,139,68.4,91,90.3,120,8.3,11,8.3,37,25.6,34,52.9,64,45.9,61,41.3,55,48.9,65,3,17,3.9,22,1.6,9
194,0.3,1,0.7,2,0.7,2,,,3.3,10,12.4,37,8.8,26,8.54,24,,,30.2,90,,,12.3,37,12.3,40,11.8,35,,,20.6,62,2,6,1.7,5,,,1,10,,
195,1,2,1.4,3,2.4,5,1.4,3,19.2,40,9.1,19,17.2,36,14.62,31,71.9,150,50.5,105,58.9,123,27.8,58,27.8,45,21.5,45,31.1,66,16.3,34,15.9,33,20.1,42,1.1,9,1.1,9,0.7,6
196,6.3,14,6.4,14,6.5,14,5.1,10,46.6,104,46.9,103,40.2,87,57.11,112,124.1,277,128.9,283,146.6,317,56.4,126,56.4,118,79.1,171,58.1,114,26,58,24.6,54,19,41,7.1,52,18.6,135,11.1,80
197,3.8,10,2.7,7,2.8,7,3.3,8,23.4,61,19.3,50,19.2,49,18.73,45,88.7,231,84.1,218,85.6,218,48.8,127,48.8,84,38.9,99,68.7,165,25.7,67,28.5,74,17.3,44,4.7,47,5.7,57,6.8,67
198,1.8,3,1.8,3,0.6,1,1.5,2,13.9,23,14.6,24,6.9,11,20.33,27,48.5,80,43.2,71,51.1,82,24.9,41,24.9,53,38.7,62,29.4,39,86.7,143,88.8,146,83.5,134,2.7,22,3.4,28,2.7,22
199,16.7,52,20.5,64,11.3,32,9.9,27,76.7,239,52.3,163,63.8,181,60.54,166,227.9,710,242.2,755,222.3,631,21.8,68,21.8,94,53.2,151,46,126,35.3,110,31.4,98,30.7,87,2.7,35,9.7,126,2,25
200,13.1,8,16.6,10,10.5,6,11.9,7,111.3,68,99.3,60,58,33,76.53,45,248.8,152,172.2,104,177.5,101,31.1,19,31.1,35,22.9,13,15.3,9,60.6,37,54.6,33,73.8,42,3.3,8,2.1,5,3.8,9
201,0,0,0,0,0.3,1,0,0,9.3,27,9.6,28,5.5,16,5.15,14,29.2,85,27.4,80,27.9,81,13.7,40,13.7,49,20,58,20.6,56,11.7,34,17.8,52,15.8,46,0.9,10,2.3,27,0.4,5
202,5.5,13,5.6,13,7.9,18,8.1,18,33.9,80,23.9,56,39.1,89,25.32,56,97,229,91.8,215,156.6,356,45.7,108,45.7,113,69.9,159,62.8,139,25.4,60,20.9,49,25.1,57,20.1,143,19.1,136,12.6,90
203,0.5,1,0.5,1,1.1,2,0,0,13.5,26,9.6,18,7.7,14,6.82,11,30.6,59,33.7,63,30.8,56,38.8,75,38.8,45,58.3,106,37.2,60,11.9,23,15,28,16.5,30,2.8,19,3.8,25,5.3,34
204,3.6,5,0.7,1,1.4,2,1.5,2,56.1,78,74.8,104,42.5,59,43.54,58,118,164,107.2,149,93.5,130,46,64,46,64,45.3,63,30.8,41,33.8,47,25.2,35,23.7,33,0.2,1,2.6,16,0.5,3
205,0,0,0,0,0,0,0,0,3.1,3,4.3,4,6.4,6,3.4,3,18.8,18,19.1,18,21.4,20,13.6,13,13.6,17,13.9,13,11.3,10,8.4,8,14.9,14,10.7,10,0.6,2,0.3,1,0,0
206,1.5,2,0,0,0.7,1,1.5,2,16.3,22,5.9,8,8.9,12,6.94,9,40.7,55,27.4,37,20.7,28,20,27,20,14,13.3,18,11.6,15,20.7,28,12.6,17,11.8,16,0,0,1.6,9,0.5,3
207,4.3,11,0.8,2,1.4,3,1.2,2,48.7,124,35.8,92,47.3,101,67.41,109,163.3,416,127.5,328,120.4,257,18.8,48,18.8,27,11.7,25,27.2,44,28.7,73,24.5,63,30.5,65,0.1,2,1.3,19,0.3,3
208,0.5,1,1,2,0,0,0,0,7.8,15,14.5,28,10.7,22,8.49,16,44,85,45.1,87,34,70,21.7,42,21.7,44,19.4,40,17.5,33,35.7,69,36.8,71,33,68,0.7,5,2,15,2.2,16
209,1.7,7,2.5,8,1.7,5,1.9,5,19.6,79,17.2,55,22.2,65,12.56,34,54.3,219,61.5,197,71.8,210,26,105,26,166,41.7,122,35.5,96,20.3,82,21.2,68,17.4,51,2.8,41,7,80,2.2,24
210,0.9,2,1.6,3,2.1,4,0.7,1,24.3,54,22.4,42,23.6,44,16.66,24,98.1,218,106.6,200,136.1,254,17.6,39,17.6,56,18.2,34,21.5,31,28.8,64,38.4,72,19.3,36,0.2,3,1.2,15,0.5,6
211,1.2,3,2.4,6,2.8,7,0.4,1,17.7,46,16.5,42,9.5,24,23.11,55,86.9,226,60.1,153,48.1,121,41.9,109,41.9,95,45.3,114,40.8,97,10,26,15.7,40,9.1,23,6.8,60,14,121,6.9,59
212,13.6,19,12.2,17,15.3,21,11,14,133.7,187,99.3,138,82.4,113,104.85,134,388.1,543,379.9,528,386.3,530,57.9,81,57.9,100,60.5,83,62.6,80,72.2,101,70.5,98,59,81,40.5,202,37.3,186,21.8,109
213,2,3,1.9,3,1.3,2,0.6,1,28,43,32.1,51,36.6,58,23.81,40,102.9,158,118.8,189,93.5,148,25.4,39,25.4,37,23.4,37,32.1,54,65.8,101,52.8,84,71.4,113,4,24,4,25,3,19
215,0,0,1.2,1,1.2,1,1.2,1,6.9,6,12.6,11,15.3,13,17.09,14,51.5,45,44.8,39,64.6,55,29.8,26,29.8,22,44.6,38,46.4,38,20.6,18,19.5,17,22.3,19,1.5,5,2.1,7,4.6,15
216,1.2,1,0,0,0,0,0,0,4.9,4,23.3,19,21,17,10.27,8,53.5,44,78.6,64,90.2,73,20.7,17,20.7,24,51.9,42,19.3,15,71.8,59,90.9,74,50.7,41,1.1,4,4.7,17,2.8,10
217,0,0,0,0,0,0,0,0,5.4,7,10.1,13,9.5,12,5.79,7,22.3,29,32.5,42,27.7,35,26.9,35,26.9,90,58.5,74,28.2,34,23,30,25.5,33,22.2,28,2.8,14,1.6,8,1.6,8
218,1.7,4,1.9,5,1.1,3,0,0,18.3,43,21.7,58,14.3,38,19.09,50,73.8,173,67.7,181,59.3,158,30.3,71,30.3,61,36.4,97,35.1,92,19.6,46,19.5,52,16.2,43,2.6,28,4.2,52,1.9,23
219,19.1,47,8.9,17,7.4,14,7.9,13,124.2,305,142,272,117.3,223,159.71,264,375.4,922,433.2,830,396.1,753,39.5,97,39.5,77,36.8,70,36.3,60,96.5,237,111.2,213,73.7,140,10.1,99,6,47,2.9,23
220,,,5.7,10,1.7,3,,,25.8,46,35.6,63,20,35,,,,,,,,,,,,,,,,,23.6,42,6.2,11,4,7,12.4,82,14.9,98,15.1,100
221,3.7,10,2.2,5,2.2,5,2.3,5,47.8,129,38.3,88,47.1,108,39.29,84,112.6,304,93.9,216,96.8,222,20.7,56,20.7,73,36.2,83,37,79,14.8,40,17,39,13.1,30,4.3,51,5,51,1.9,19
222,0,0,0,0,0,0,0,0,8.9,14,3.8,6,5.1,8,5.91,9,18.3,29,22.8,36,27.2,43,22.8,36,22.8,39,15.2,24,23.7,36,12.6,20,19,30,17.1,27,1.3,9,2.7,18,1,7
223,12.1,23,11.9,23,13.7,26,5.9,11,31,59,26.5,51,22.6,43,41.6,78,188.9,360,161.4,311,231.7,441,72.4,138,72.4,109,93,177,106.7,200,22.6,43,23.4,45,33.6,64,25.3,169,25.3,171,32.2,217
224,0.4,1,1.3,3,1.7,4,0.5,1,8.9,21,10.6,25,6.4,15,19.32,43,43.3,102,43.3,102,51.7,122,14.8,35,14.8,36,33.1,78,28.3,63,30.1,71,20.8,49,18.7,44,1.2,13,0.8,8,0.8,8
225,0.7,1,1.5,2,0.7,1,5.3,5,19.2,26,33.2,45,17.8,24,22.34,21,65.7,89,43.5,59,60.7,82,39.1,53,39.1,40,37.8,51,51.1,48,17.7,24,19.2,26,12.6,17,0,0,0.2,1,0,0
226,0,0,0,0,1.2,1,4,3,42.5,37,31,27,25.4,22,28.23,21,73.6,64,77,67,79.8,69,12.6,11,12.6,26,56.7,49,55.1,41,35.6,31,31,27,42.8,37,5.3,25,2.3,11,2.1,10
227,5.5,14,2,5,1.2,3,0.4,1,22.1,56,22,56,11.2,28,14.5,35,84.4,214,71.1,181,48.7,122,39,99,39,83,40.7,102,60.1,145,21.3,54,17.7,45,10.8,27,6,50,13.8,116,4.4,37
228,0,0,5.5,3,0,0,1.6,1,18.4,10,29.4,16,22.3,12,16.1,10,44,24,67.9,37,72.4,39,22,12,22,20,61.2,33,29,18,18.4,10,16.5,9,13,7,0,0,0.6,1,0,0
229,8.8,21,9.3,20,4.5,8,3.3,7,47.2,113,44.7,96,25.9,46,28.63,60,147.5,353,155.4,334,147.3,262,89,213,89,189,142.2,253,83,174,33.4,80,27.5,59,29.8,53,7,60,13.1,101,11.8,83
230,4.9,12,2,5,2.9,6,4,7,46,113,19.6,48,20.3,42,35.05,62,65.5,161,47,115,68.6,142,39.1,96,39.1,92,58.9,122,72.9,129,12.2,30,16.8,41,15.9,33,28.6,353,24.6,303,15.9,196
231,1.8,5,1.8,5,0.5,1,0.6,1,34.6,97,31.7,88,38.6,71,29.48,49,85,238,63.4,176,60.4,111,19.3,54,19.3,85,31,57,45.1,75,29.6,83,19.8,55,20.7,38,1.4,15,0.6,6,1.2,9
232,1.2,3,0.8,2,0.4,1,1.6,4,15.8,41,16.8,43,15.4,39,18.69,47,54.5,141,43.4,111,60.3,153,38.6,100,38.6,74,36.3,92,55.7,140,25.5,66,20.3,52,21.3,54,22.9,218,21.4,201,7.4,69
233,1.6,4,1.2,3,0.8,2,0.8,2,15.3,39,10.6,27,14.1,36,9.66,23,53.3,136,39.9,102,36.4,93,20.8,53,20.8,52,21.9,56,18.5,44,35.6,91,38.7,99,24.2,62,0.5,6,2,22,1.2,14
234,14.4,38,8.4,22,11.4,29,5.2,19,63,166,51.5,135,49,125,32.9,121,203.7,537,204.3,536,259.1,661,71.3,188,71.3,138,94.1,240,78.3,288,32.6,86,29,76,29.8,76,11.3,104,9.9,91,13.3,123
235,2.4,5,1,2,0.5,1,0,0,17,35,11.6,24,14.7,30,5.17,10,45.7,94,39.8,82,63.6,130,13.6,28,13.6,41,21,43,47.1,91,16.6,34,26.2,54,19.1,39,2.5,23,4.4,40,2.3,21
236,0.9,1,0.9,1,0,0,0.8,1,16.9,18,10.4,11,34.3,35,7.47,10,47.9,51,42.5,45,36.2,37,24.4,26,24.4,19,23.5,24,17.2,23,47,50,64.2,68,32.3,33,0.2,1,0.7,3,0.5,2
237,6,17,7.4,20,6.5,17,4.8,11,50.4,142,37.1,101,42.4,111,48.82,112,120,338,108.1,294,107,280,61.1,172,61.1,211,77.2,202,86.8,199,29.5,83,28.7,78,21.4,56,16.9,173,16.7,166,13.4,132
238,7.1,17,5.9,14,6.8,16,2.7,6,38.6,92,34,81,30.2,71,40.99,91,149.3,356,128.9,307,183.3,431,60.4,144,60.4,142,77.8,183,88.3,196,38.2,91,29,69,28.9,68,24,211,20.6,182,16.9,149
240,6.7,11,6.1,10,6.8,11,2.7,4,142,234,150.1,246,169.5,276,40.8,61,250.6,413,219,359,175.1,285,57.7,95,57.7,128,83.5,136,89,133,38.8,64,34.2,56,33.8,55,13.5,120,19,169,9.6,85
241,0,0,0.5,1,0.5,1,0.5,1,8.9,17,9.4,18,14.3,27,13.45,25,25.6,49,27.2,52,26.4,50,15.7,30,15.7,32,34.3,65,24.2,45,26.6,51,24.6,47,18.5,35,0.1,1,0.8,6,0.3,2
242,3,5,0.6,1,5.6,9,0,0,8.4,14,16.6,27,22.3,36,25.64,39,33.7,56,54.6,89,70,113,22.9,38,22.9,35,26,42,30.9,47,17.4,29,17.8,29,11.2,18,6.3,32,15.5,77,7.5,37
243,0,0,0,0,7.9,1,0,0,16.1,2,16.1,2,23.8,3,28.57,3,112.9,14,72.6,9,63.5,8,48.4,6,48.4,12,103.2,13,85.7,9,8.1,1,16.1,2,23.8,3,2.2,1,2.2,1,4.4,2
244,1,2,1,2,1.6,3,0,0,16.1,31,10.9,21,10.9,21,15.88,29,50.8,98,54.5,105,49.8,96,46.1,89,46.1,80,63.3,122,57.5,105,13,25,14,27,9.3,18,8.7,60,20.9,145,9.5,66
245,7,10,9.8,14,2.1,3,7.8,10,36.9,53,30.8,44,37.6,53,31.86,41,136.6,196,194,277,142.7,201,39,56,39,36,39,55,43.5,56,37.6,54,25.9,37,22,31,8.2,53,11,71,5.4,35
246,4.6,11,2.9,7,6.8,16,5.8,12,41.4,99,33.6,80,38.7,91,61.9,129,191.3,458,196.9,469,233.1,548,28.4,68,28.4,120,46.4,109,43.7,91,35.5,85,28.1,67,32.8,77,1.6,19,3.7,44,1.6,19
247,13.9,16,8.7,10,9.8,11,15,15,71,82,62.1,71,93.3,105,82.83,83,332.5,384,433.6,496,550.6,620,11.3,13,11.3,34,38.2,43,54.9,55,39,45,32.3,37,24.9,28,2.7,12,1.1,5,0.7,3
248,11.6,21,7.2,13,8.4,15,7.5,12,33.1,60,27.1,49,38.1,68,53.09,85,157,285,158.4,286,180.6,322,38.6,70,38.6,68,47.1,84,54.3,87,23.7,43,21,38,18.5,33,1.8,15,2.4,20,0,0
249,20.4,34,22.2,37,20.2,33,20.6,26,71.3,119,57.1,95,48.9,80,57.84,73,196.5,328,238.4,397,226,370,24,40,24,34,41.5,68,49.9,63,32.4,54,23.4,39,12.2,20,3.4,18,4.5,24,3.4,18
250,0.6,1,1.2,2,1.2,2,0,0,8.7,15,8.1,14,11.7,20,10.42,17,47.7,82,41.9,72,60.7,104,34.3,59,34.3,34,30.9,53,48.4,79,16.3,28,14,24,11.7,20,4.3,29,4.3,29,1.9,13
251,0,0,1.7,3,0,0,0.7,1,10.4,19,8.3,15,14.2,24,14.1,21,58.3,107,32.5,59,59.3,100,25.1,46,25.1,64,33.8,57,30.2,45,18,33,20.4,37,11.9,20,11.8,79,7.5,50,6.8,44
252,1,1,0,0,0,0,0,0,11.5,12,4.8,5,13.4,14,2.14,2,26.8,28,36.5,38,17.3,18,8.6,9,8.6,14,43.2,45,21.4,20,9.6,10,9.6,10,8.6,9,4.4,15,10.2,35,4.7,16
253,0,0,0.5,1,0.5,1,1.5,3,12.2,25,7.3,15,11.2,23,12.62,26,79.9,164,48.3,99,38.5,79,23.4,48,23.4,25,10.2,21,19.9,41,37,76,22.4,46,18.1,37,0.5,4,1.6,14,0.5,4
254,1.1,1,5.5,3,7.3,4,4,2,67.9,64,97.8,53,93.4,51,92.93,46,198.3,187,298.9,162,236.3,129,38.2,36,38.2,36,53.1,29,72.7,36,141,133,175.3,95,174,95,0.5,3,5.8,19,1.5,5
255,0,0,0.4,1,0,0,0.7,2,4.5,13,5.9,17,4.5,13,11.47,31,21.4,62,17.6,51,22.8,66,26.3,76,26.3,37,35.9,104,20.4,55,25.6,74,19.3,56,12.1,35,0.7,8,1.3,16,0.5,6
256,0.3,1,0.3,1,0.4,1,0.9,2,16.5,55,13.1,40,15.4,43,8.25,18,35.7,119,30.5,93,25.5,71,22.8,76,22.8,61,18.3,51,25.2,55,16.2,54,18.7,57,11.8,33,0.2,3,1.5,17,0,0
257,0.8,3,0.3,1,0.6,2,0.7,2,20,72,13.6,49,16.2,52,22.86,65,60.1,216,58.8,212,59.7,192,19.5,70,19.5,78,21.8,70,22.2,63,21.4,77,15.3,55,22.7,73,0.3,5,1,15,0.6,8
258,10.6,33,6.2,19,2.8,8,4.1,12,39.3,123,36.2,111,27.6,80,36.81,107,155.1,485,117.5,360,140.2,407,69.1,216,69.1,175,82.7,240,67.8,197,26.5,83,30,92,15.2,44,13.9,143,16.8,169,15.4,155
259,4.4,11,5.6,14,2.8,7,3.3,8,46.5,116,40.5,101,41.6,103,29.21,71,143.2,357,115.2,287,165.1,409,40.9,102,40.9,70,43.6,108,55.9,136,18.9,47,21.3,53,16.1,40,18.3,179,19.9,195,14.8,145
260,6.1,23,5.6,21,5.4,20,4.3,15,35.3,133,41.4,155,43,160,31.3,110,105.1,396,135.2,506,133.2,496,31.1,117,31.1,188,65,242,52.7,185,49.9,188,45.7,171,61.5,229,8.6,108,19.1,239,9.1,114
261,0.4,1,1.3,3,0.4,1,2.7,6,7.7,18,11.1,26,11.1,26,7.64,17,23.9,56,47.7,112,32.8,77,29.4,69,29.4,99,53.2,125,42.3,94,25.1,59,20.9,49,17.5,41,4.2,36,14.9,128,4.3,37
262,0.9,3,0.3,1,0.9,3,0,0,7.5,24,3.1,10,5.6,18,5.63,17,17.4,56,16.2,52,19,61,16.5,53,16.5,78,35.1,113,18.6,56,16.5,53,17.4,56,12.4,40,1.9,23,1.8,22,1.2,15
263,0,0,0,0,0,0,0.4,1,7.5,20,3.4,9,7.8,20,2.98,7,22.5,60,27.3,72,18.6,48,26.3,70,26.3,63,19.8,51,28.1,66,15.8,42,17.1,45,13.6,35,1.4,15,2.9,30,1.8,19
264,1,2,2.4,5,1.5,3,3.3,6,31.8,67,22.1,46,17.5,35,22.76,42,59.7,126,58,121,43.1,86,18,38,18,56,19,38,18.4,34,22.8,48,10.1,21,16.5,33,2.9,28,6.3,61,0.5,5
265,0,0,0,0,1.3,2,2,3,7.3,11,9.4,14,6,9,9.25,14,26.7,40,37.4,56,40.8,61,32.7,49,32.7,34,43.5,65,51.5,78,54,81,40.8,61,30.8,46,5.1,28,9.9,54,6,33
266,2.1,6,2.4,7,1.4,4,0,0,27.1,78,17.4,50,16,46,20.2,54,59.5,171,57.8,166,51.6,148,36.9,106,36.9,90,31,89,46.4,124,18.4,53,25.4,73,16,46,10,106,3.8,40,2.6,27
267,0.7,3,0.4,2,0.9,4,0.5,2,8,37,8.9,41,9.1,40,15.58,63,33.6,155,38.4,176,41.4,182,22.3,103,22.3,105,26.4,116,33.6,136,12.3,57,13.7,63,15.2,67,2.6,41,3.1,49,2.5,40
268,1.1,2,1.7,3,1.1,2,1.7,3,13.4,24,15.7,28,21.1,37,22.48,39,70.6,126,78.3,140,90.5,159,59.4,106,59.4,106,115.5,203,81.3,141,28,50,31.9,57,21.6,38,9.9,69,16.7,116,28.7,200
269,0.4,1,1.1,3,1.1,3,0.4,1,9,25,5.7,16,9,25,6.09,16,43,120,34.8,97,46.1,128,15.4,43,15.4,83,22,61,38.4,101,17.6,49,16.8,47,17.3,48,0.5,6,3.2,38,1.9,23
270,7.9,11,8.7,12,8,11,7.6,10,32.3,45,23.1,32,43.1,59,57.53,76,114.1,159,125.5,174,208.3,285,25.1,35,25.1,28,27.1,37,58.3,77,26.5,37,31,43,24.1,33,0.2,1,2.3,14,0,0
271,4.9,6,5,6,9.4,11,2.6,3,30.4,37,21.5,26,32.5,38,24.94,29,105,128,89.5,108,102.7,120,75.5,92,75.5,74,105.3,123,103.2,120,28.7,35,27.3,33,30.8,36,30.8,138,28.1,126,22.5,101
272,4.1,6,3.5,5,5.5,8,7.2,10,63.5,92,58.6,85,53.8,78,74.93,104,193.1,280,217.9,316,186.9,271,24.1,35,24.1,51,27.6,40,25.9,36,37.2,54,32.4,47,32.4,47,0,0,3.5,27,0.6,5
273,1.6,3,2.1,4,0,0,1.2,2,10.1,19,15,28,31.8,57,13.28,22,52.3,98,55,103,50.8,91,30.4,57,30.4,38,24,43,26,43,13.4,25,13.9,26,21.2,38,0.8,6,1.4,10,1.3,9
274,5.7,6,4.8,5,1.9,2,3.1,3,35.2,37,34.2,36,25,26,30.9,30,45.7,48,60.8,64,59.7,62,20,21,20,16,15.4,16,4.1,4,9.5,10,16.2,17,13.5,14,0.2,1,1.3,7,0.2,1
275,1.4,3,3.3,7,1,2,2.4,5,31.1,66,19.8,42,19.9,42,19.05,39,60.8,129,74.6,158,65.9,139,20.3,43,20.3,34,28.4,60,18.1,37,23.1,49,9,19,10,21,2.1,19,6.3,56,1.6,14
276,1.5,3,0.5,1,0.5,1,1.1,2,19.3,38,12.2,24,9.1,18,11.22,21,41.6,82,54.8,108,47.2,93,20.8,41,20.8,44,42.6,84,31,58,16.7,33,20.3,40,11.7,23,7.5,50,7.8,52,4.5,30
277,1,2,0.6,1,3.3,5,1.5,2,12,24,13.3,24,13.1,20,14.3,19,54.9,110,66.6,120,60.3,92,27.4,55,27.4,55,41.3,63,36.9,49,21,42,22.8,41,23.6,36,3.9,29,4.7,31,0.8,5
278,2.5,4,2.5,4,2.5,4,2.5,3,50.6,81,40.6,65,26.9,43,40.92,50,165.4,265,96.1,154,83.8,134,11.9,19,11.9,32,15,24,9,11,19.4,31,17.5,28,25.6,41,1.3,11,2.6,22,2.4,20
279,1.3,2,0,0,1.3,2,0.7,1,13.3,20,29.2,44,13.3,20,12.59,18,92.4,139,105,158,51.2,77,12.6,19,12.6,48,21.9,33,11.9,17,16.6,25,14.6,22,14,21,0.2,2,1,9,0.1,1
280,11.7,15,6.3,8,7.2,9,6.9,13,157.8,202,87,111,70.2,88,49.5,94,246.9,316,219.4,280,231.4,290,104.7,134,104.7,165,174,218,127.4,242,74.2,95,58.8,75,69.4,87,7.8,32,28.4,116,15.1,60
281,6.6,7,2.8,3,3.8,4,1,1,49.7,53,43.1,46,44.1,47,52.85,52,164,175,117.2,125,187.4,200,24.4,26,24.4,33,24.4,26,22.4,22,44.1,47,45,48,16.9,18,4.2,20,1.5,7,3.7,18
282,2.7,4,0,0,3.6,5,0,0,20.3,30,28.2,41,19.2,27,20.82,28,60.1,89,63.4,92,65.5,92,38.5,57,38.5,78,53.4,75,197,265,22.3,33,18.6,27,18.5,26,7,36,9.3,47,8.8,44
283,3.8,10,2.6,7,4.2,11,5.5,14,28.6,76,28.6,76,22.9,60,17.39,44,103,274,93.4,248,137.6,360,30.8,82,30.8,77,45.1,118,63.2,160,24.4,65,22.2,59,16.4,43,11.1,116,12.1,127,12.4,130
284,0,0,1,1,0,0,1,1,11.4,11,14.6,14,13.4,13,5.19,5,32.1,31,46.9,45,16.5,16,5.2,5,5.2,8,21.7,21,22.8,22,77.7,75,36.5,35,16.5,16,1,3,1.7,5,0.7,2
285,,,,,,,,,,,,,,,,,,,,,,,,,,,,,,,,,,,,,,,,,,
286,16.6,3,26.5,5,20.9,4,7.2,5,204.4,37,153.4,29,151.8,29,68.77,48,734.8,133,825.4,156,806.3,154,93.9,17,93.9,31,219.9,42,50.1,35,198.9,36,306.9,58,235.6,45,11.3,9,3.6,3,2.4,2
287,5.9,14,8.3,20,11.8,27,,,232.2,550,231.6,556,253.2,581,216.6,561,,,367.4,882,,,39.3,93,39.3,102,10.9,25,,,62.1,147,34.2,82,36.2,83,,,8.2,101,,
288,0.9,2,1.3,3,2.7,6,,,12,27,12.4,28,14.9,33,7.62,16,,,33.8,76,,,9.3,21,9.3,50,3.2,7,,,18.6,42,10.7,24,7.7,17,,,1.5,15,,
289,1.4,5,1.9,7,1.6,6,1.5,5,36.2,134,30.6,112,23.5,86,32.02,110,62.7,232,60.9,223,55.3,202,38.1,141,38.1,82,27.4,100,49.2,169,17.8,66,13.4,49,14.5,53,4.1,53,5,65,1.8,23
290,50.4,49,41.7,41,94,50,89.1,48,276.8,269,244.2,240,545.1,290,389.61,210,1280.9,1245,1529,1503,2201.1,1171,104.9,102,104.9,82,323.3,172,295,159,152.3,148,162.8,160,227.4,121,18,74,34.1,142,8.2,34
291,13.4,37,10.9,30,9.8,26,5.5,10,65.4,180,49.2,135,44.2,117,50.91,92,165.9,457,139.3,382,153.6,407,23.6,65,23.6,71,32.5,86,42.1,76,15.6,43,14.2,39,14,37,1.4,14,3.6,36,1.5,15
292,10.7,12,7,8,15.4,18,14.7,16,45.4,51,53.7,61,74.3,87,65.38,71,336.3,378,280.8,319,276.7,324,65.8,74,65.8,75,64.1,75,76.4,83,34.7,39,32.6,37,32.5,38,26.2,107,20.2,84,18.1,75
293,17,15,17,14,17.8,15,19.3,14,36.3,32,48.7,40,58.1,49,92.16,67,284.6,251,306.6,252,346,292,100.9,89,100.9,78,151.7,128,169.2,123,34,30,40.2,33,28.4,24,46.3,164,35.2,125,39.6,140
294,22.9,23,35.9,36,15.1,15,18.7,17,52.7,53,83.7,84,59.5,59,82.51,75,285.3,287,422.3,424,305.4,303,82.5,83,82.5,78,113.9,113,102.3,93,57.7,58,48.8,49,51.4,51,17.6,76,19.2,83,8.8,38
295,7,10,10.6,15,10.5,15,12.8,17,50.5,72,36.6,52,39.9,57,52.71,70,200.7,286,215.9,307,176.6,252,40.7,58,40.7,59,32.2,46,50.5,67,40.7,58,20.4,29,28,40,15.4,80,8.3,43,11.9,62
296,2.4,4,0.6,1,0.7,1,0,0,26.6,44,21.7,34,33.9,46,9.62,12,43.5,72,52.2,82,41.3,56,22.9,38,22.9,34,34.7,47,24.8,31,21.1,35,20.4,32,14,19,3.3,19,1.8,10,2,10
297,0,0,0,0,0,0,0,0,0,0,4.4,2,2.3,1,13.25,6,17.8,8,42.2,19,56.7,25,33.3,15,33.3,4,9.1,4,8.8,4,20,9,4.4,2,13.6,6,0,0,0.7,1,0,0
298,,,,,,,10.4,15,,,,,,,106.25,153,,,,,,,,,,,,,,,36.1,55,39.7,60,21.2,32,,,,,,
299,6.7,21,2.6,8,1.7,5,0.8,2,37.5,117,32.2,99,35.2,106,22.04,56,133.3,416,123.9,381,108.6,327,30.1,94,30.1,107,33.9,102,49.2,125,28.2,88,25,77,15.6,47,13.4,158,11.2,130,15.8,181
300,,,,,,,2.7,3,,,,,,,156.81,175,,,,,,,,,,,,,,,43,47,46.1,50,40.5,44,,,,,,
301,1.7,4,0.4,1,2.4,5,0.5,1,13.9,32,16.9,38,24.1,51,20.42,39,47.9,110,57.4,129,75.3,159,25.3,58,25.3,66,31.7,67,40.8,78,12.2,28,15.1,34,13.3,28,12.3,99,10.6,84,13.5,103
302,1.7,5,0.7,2,0.3,1,0.7,2,14.3,43,9.7,29,9.2,27,12.72,37,46.6,140,36.7,110,31.3,92,26,78,26,46,16.3,48,23.4,68,28.9,87,12.4,37,9.5,28,0.3,4,0.4,5,0.4,5
303,2.8,5,1.1,2,0,0,1.6,3,22.7,41,15.5,28,23.5,42,16.99,31,92.5,167,93.7,169,72.8,130,19.4,35,19.4,32,25.2,45,17,31,17.2,31,16.1,29,11.8,21,0.2,2,2.2,20,0.6,5
304,28.2,35,17,21,14.9,18,17.7,10,58,72,59.1,73,49.6,60,97.52,55,195,242,180.4,223,247.1,299,27.4,34,27.4,44,29.8,36,95.7,54,18.5,23,29.9,37,10.7,13,0.8,3,4.5,17,1.3,5
305,5.6,5,6.7,6,2.3,2,3.8,3,39.2,35,43.5,39,18.1,16,17.5,14,254.2,227,178.6,160,123.6,109,54.9,49,54.9,60,74.8,66,70,56,61.6,55,43.5,39,40.8,36,12.5,51,10.2,42,9.8,40
306,7.4,11,9.8,13,18.4,18,9.7,13,52.5,78,38.2,51,57.1,56,30.71,41,178.2,265,251.1,335,248.7,244,24.9,37,24.9,52,45.9,45,58.4,78,41,61,43.5,58,44.9,44,3.9,16,8.2,29,1.4,5
307,2.8,11,2.4,7,1.7,5,1.8,5,21.7,85,21.9,65,18.7,55,19.2,55,80.5,315,117.8,350,94.6,279,36,141,36,119,53.9,159,38.4,110,18.4,72,21.2,63,12.6,37,14.4,208,28.2,310,21.9,242
308,0,0,0.8,1,0.9,1,0,0,6.3,8,4.7,6,6.1,7,14.86,14,17.4,22,23.7,30,33.9,39,11.8,15,11.8,23,15.6,18,38.2,36,14.2,18,11.8,15,16.5,19,0.4,2,2.4,12,1.3,6
309,0,0,0,0,0.6,1,0.6,1,10,18,10.7,19,4.6,8,10.09,16,21.6,39,32.6,58,24.3,42,11.1,20,11.1,34,42.7,74,29.6,47,21.1,38,35.9,64,9.8,17,0.2,1,1.2,7,0.5,3
310,1.8,4,0.9,2,0.5,1,0.4,1,9.9,22,6.3,14,13.1,29,5.48,13,44.4,99,61.3,136,57,126,22.9,51,22.9,62,39.8,88,30.4,72,14.4,32,16.2,36,14.9,33,1,8,4.9,40,1.5,12
311,13.9,17,16.4,20,12.1,15,11.3,13,43.2,53,50.9,62,41,51,57.24,66,333.6,409,297.5,362,243.8,303,74.2,91,74.2,80,149.6,186,160.5,185,71,87,60.8,74,46.7,58,17.8,102,23.6,136,20.8,121
312,10.7,19,10.7,19,10.9,19,14.2,20,38.9,69,48.4,86,33.8,59,62.63,88,172.9,307,196.5,349,149.3,261,44.5,79,44.5,131,63.5,111,67.6,95,19.7,35,19.1,34,15.5,27,15,93,16.4,102,12.8,80
313,4.2,7,1.2,2,0.6,1,1.2,2,27,45,14.4,24,15.6,26,19.58,32,51,85,61.8,103,68.4,114,29.4,49,29.4,53,38.4,64,48.4,79,24.6,41,12,20,15,25,10.3,59,17,98,8.5,49
314,10.7,28,5.7,15,6.8,18,6.6,16,25.6,67,37,98,29.1,77,40.05,97,98.6,258,125.6,333,135.7,359,41.6,109,41.6,113,56,148,64.4,156,11.1,29,16.6,44,23.8,63,8,75,21.3,202,10,95
315,24.1,18,13.5,10,13.1,8,14.7,8,176.9,132,133.6,99,144,88,190.48,104,773.5,577,790.8,586,712,435,56.3,42,56.3,60,52.4,32,131.9,72,111.3,83,120.1,89,86.7,53,10.6,42,17.2,68,16.7,66
316,7.9,34,7.5,32,13,56,7.7,29,52,224,40.1,171,35.1,151,48.77,185,158.9,684,194.2,828,156,671,27.9,120,27.9,141,41.4,178,41.9,159,18.8,81,23.5,100,26.7,115,5.2,76,9.9,143,8.8,127
317,16.1,13,16.3,13,11.5,9,10.4,8,74.4,60,48.9,39,47.2,37,72.92,56,289.1,233,338.4,270,292.1,229,114.1,92,114.1,107,119.9,94,132.8,102,28.5,23,40.1,32,12.8,10,19.2,59,32.8,100,8.9,27
318,1.2,2,1.2,2,0.6,1,0.6,1,21.7,36,22.3,37,19.3,32,21.71,35,52.9,88,42.8,71,47,78,37.9,63,37.9,38,50.6,84,54.6,88,22.9,38,16.9,28,12.6,21,3.9,27,5.4,37,6.1,42
319,0.9,3,1.5,5,3.2,10,1,3,22.5,74,15.7,52,19.4,60,17.73,53,76.2,251,71.7,237,72.4,224,49.8,164,49.8,167,73.3,227,83.3,249,26.4,87,23.9,79,29.1,90,15.1,163,22.9,248,7.6,82
320,4,4,0,0,1.9,2,0,0,32,32,15.9,17,21.4,23,37.04,35,121,121,99.3,106,145.8,157,44,44,44,43,65,70,38.1,36,39,39,34.7,37,43.6,47,7,31,6.9,32,6.1,29
321,12.6,15,18.6,22,23.5,27,17.8,20,53.7,64,38.8,46,46.1,53,59.77,67,176.9,211,253.8,301,189.7,218,77.1,92,77.1,83,132.3,152,107.9,121,37.7,45,39.6,47,51.4,59,28.9,138,41.5,198,19.9,94
322,4.1,5,0.8,1,2.6,3,2.5,3,10.5,13,10.8,13,16.6,19,17.26,21,76.2,94,86,104,106.4,122,43.8,54,43.8,68,86.3,99,83,101,20.3,25,19.9,24,17.4,20,12.4,53,23.5,100,20.7,88
323,8.1,21,5,13,10.2,25,6,15,110.8,289,79.6,207,68.1,167,81.02,204,205.1,535,186.8,486,216.2,530,67.1,175,67.1,238,79.1,194,108.4,273,22.6,59,18.8,49,20,49,12.7,113,25,223,12.2,109
324,0,0,1.2,2,1.2,2,0,0,11.4,19,12.6,21,10.3,17,18.35,30,49.7,83,56,93,39.8,66,40.1,67,40.1,63,41,68,48.9,80,13.2,22,20.5,34,13.9,23,2,12,2.2,13,1.5,9
325,3.2,9,4.7,13,2.6,7,5.1,13,24.1,67,23.6,65,16.7,45,17.93,46,104.2,290,95.1,262,101.9,274,34.5,96,34.5,115,72.5,195,55,141,29.1,81,21.4,59,16.4,44,8.6,97,8.2,92,9.6,107
326,19.8,19,8.3,8,21.3,20,13.9,13,66.5,64,44.8,43,67.2,63,87.7,82,397.1,382,522.4,501,509.6,478,67.6,65,67.6,88,125.8,118,114.4,107,46.8,45,68.8,66,57.6,54,28,115,26.1,107,9,37
327,17,29,8.8,15,14.2,24,12.7,21,52.1,89,27.5,47,35.6,60,44.03,73,325.7,557,274.6,469,326.4,550,63.2,108,63.2,78,96.7,163,98.9,164,32.2,55,41,70,35,59,20.6,129,22.7,142,16.1,101
328,39.2,43,27.3,30,18.3,20,22.1,23,162.3,178,148.3,163,147.3,161,118.89,124,841.4,923,658.8,724,601.1,657,55.6,61,55.6,92,70.5,77,55.6,58,93.9,103,90.1,99,68.6,75,16,61,17.5,67,8.1,31
329,5.3,11,2.9,6,2.4,5,1.1,2,39.3,81,31.5,65,31.6,65,41.69,79,100.4,207,107.6,222,128.8,265,27.7,57,27.7,55,36,74,50.7,96,27.7,57,29.1,60,18.5,38,18.2,138,26.4,200,10.1,77
330,8,18,3.7,8,2.8,6,1.5,3,34.4,77,33.5,72,14.6,31,29.18,58,104.5,234,92.1,198,98.7,209,57.2,128,57.2,67,64.2,136,57.9,115,16.5,37,17.2,37,15.1,32,26.3,203,13.9,103,13.2,98
331,15.5,25,14.2,23,8.7,14,16.6,12,330.9,535,347.6,562,376.5,605,579.31,420,669.8,1083,619.1,1001,608,977,64.3,104,64.3,123,82.1,132,89.7,65,121.8,197,113.8,184,106.4,171,6.3,44,14.1,98,3.7,26
332,0,0,2.3,4,1.8,3,2.9,4,28.5,53,29.4,52,17.8,29,23.39,32,58.6,109,85.4,151,67.5,110,34.4,64,34.4,49,57.7,94,51.9,71,22.6,42,40.1,71,19,31,7.6,54,7.4,50,11.7,76
333,4.9,15,4.7,14,1.7,5,3.9,11,34.2,104,17.9,53,25,72,33.42,94,87.5,266,83.5,247,98.5,284,66.1,201,66.1,152,70.8,204,61.9,174,23.4,71,23.7,70,19.1,55,13.8,146,28.4,294,15.4,158
334,5.4,4,0,0,1.4,1,1.4,1,37.7,28,37.7,28,29.8,22,19.31,14,63.3,47,87.6,65,62.3,46,13.5,10,13.5,13,14.9,11,4.1,3,40.4,30,43.1,32,66.4,49,0,0,0,0,0,0
335,0.3,1,0.3,1,0.3,1,,,11.6,39,9.3,31,17.5,55,10.84,32,,,19,63,,,13.9,47,13.9,41,5.7,18,,,17.2,58,3.3,11,5.4,17,,,2.1,23,,
336,1.8,9,0.2,1,0.7,3,0.6,2,17,85,13.7,67,14.1,65,25.07,84,49.4,247,48.6,238,52.5,242,19.8,99,19.8,129,34.9,161,30.2,101,12.8,64,13.7,67,10.4,48,0.9,18,2,37,1.1,20
337,1.5,3,0.5,1,0.5,1,0.5,1,15.1,30,8.8,17,17.1,33,10.34,19,45.9,91,44.9,87,38.3,74,41.4,82,41.4,23,27.4,53,38.1,70,15.1,30,17.5,34,9.3,18,3,22,3.4,24,4.4,31
338,9.5,21,11.3,25,11.5,20,8.8,10,62.5,139,56,124,60.4,105,59.6,68,184,409,198.1,439,177.7,309,24.7,55,24.7,42,40.3,70,56.1,64,24.7,55,22.1,49,30.5,53,1.4,18,3.1,41,0.4,4
339,8.8,15,3.2,5,3.3,4,13.5,9,62.5,106,62.2,98,70.6,86,114.11,76,175,297,177.1,279,248,302,17.7,30,17.7,18,32,39,30,20,40.7,69,55.2,87,59.1,72,0.4,5,2.7,30,3.5,33
340,8.9,62,7.7,52,10.5,69,8,45,65.7,459,53.3,362,48.4,317,64.4,362,303.2,2118,308.7,2096,368.6,2412,11,77,11,101,12.4,81,13.2,74,47.4,331,35.8,243,48.6,318,0.6,25,0.8,32,0.7,26
341,12.5,56,14,61,13.8,56,12.7,53,82.8,371,86.1,375,90.1,366,74.61,312,434.4,1947,399.1,1738,453.7,1843,19.4,87,19.4,242,16.3,66,24.6,103,73.9,331,80.6,351,45.8,186,1,19,2.2,40,0.9,16
342,81.3,50,74.5,47,76.5,40,97.1,43,871.5,536,885.9,559,854.7,447,772.01,342,3063.4,1884,2717.9,1715,2692.2,1408,84.6,52,84.6,49,101.3,53,124.2,55,824.4,507,887.5,560,740,387,0.2,1,7.3,31,1.4,5
343,11,18,8.7,14,8.7,15,10.9,14,88.6,145,80.4,130,88.5,153,89.15,115,387.9,635,418.4,677,357.1,617,52.5,86,52.5,119,77.6,134,92.3,119,53.2,87,40.8,66,42.8,74,13,112,24.5,210,20.4,172
344,18,30,7.3,12,4.7,7,5.3,7,52.8,88,37.2,61,53.2,79,69.1,91,196.6,328,167.1,274,204.6,304,54.6,91,54.6,147,88.8,132,105.5,139,33.6,56,30.5,50,39.7,59,26.8,213,14.7,116,20.9,157
345,4.3,4,2.1,2,4.3,4,4.6,4,39.5,37,25.7,24,17.3,16,43.58,38,132.3,124,112.5,105,65.8,61,75.8,71,75.8,71,83.1,77,72.3,63,36.3,34,32.2,30,16.2,15,10.3,39,13.5,51,9.3,35
346,9.4,27,7,20,3.6,10,7.6,19,30.5,88,30.5,87,45.5,128,66.83,168,124.2,358,115.8,330,117.8,331,67.3,194,67.3,225,83.6,235,82.7,208,36.1,104,29.1,83,28.1,79,14.5,153,16.9,178,18.9,199
347,16.2,14,15.1,13,15.2,10,13.6,8,57.8,50,53.2,46,68.2,45,83.05,49,255.5,221,251.2,217,372.7,246,74,64,74,57,163.6,108,140.7,83,45.1,39,48.6,42,127.3,84,14.8,51,31.1,108,25.1,87
348,2.2,7,4.1,13,4.1,13,1,3,26.2,84,27.5,88,23.7,75,35.03,108,97.6,313,92.2,295,88.6,281,60.8,195,60.8,160,43.9,139,38,117,32.8,105,35,112,30.6,97,12.5,160,11.1,142,9.5,122
349,0,0,1.5,3,1.5,3,1.6,3,14.2,29,10.3,21,14,28,14.52,28,43.7,89,29.1,59,45,90,12.3,25,12.3,25,14,28,12.5,24,12.8,26,19.2,39,16.5,33,3.9,31,1.8,14,1.7,13
350,0,0,0,0,0,0,1.4,2,10.7,17,12,19,18.6,29,10.85,16,35.3,56,28.5,45,37.8,59,13.2,21,13.2,48,22.5,35,20.4,30,19.6,31,7.6,12,12.8,20,0,0,2.1,16,1.1,8
351,0,0,1.7,2,0.9,1,1,1,4.1,5,4.2,5,8.2,9,6.93,7,29.8,36,29.1,35,32.9,36,24,29,24,20,16.5,18,37.6,38,33.1,40,20,24,16.5,18,1.1,5,3.7,16,4.1,17
352,0.4,1,0.4,1,1.2,3,0.8,2,13.6,34,10.8,27,11.2,28,14.29,34,59.6,149,50.8,127,34.8,87,10.4,26,10.4,62,18,45,31.5,75,20.8,52,7.6,19,12.4,31,0,0,1.2,14,0.3,3
353,0.4,1,0.4,1,0.4,1,0.4,1,14.5,38,6.5,17,11.4,29,19.13,46,27.6,72,29.5,77,32.5,83,19.1,50,19.1,61,28.2,72,29.1,70,20.7,54,18.8,49,14.9,38,1.1,11,2.4,24,1.8,18
354,0.6,1,0.6,1,0.6,1,0.5,1,13.4,24,7.3,13,12.3,22,13.94,27,34.6,62,39.6,71,47.5,85,14.5,26,14.5,34,26.2,47,19.6,38,29.6,53,14.5,26,10.6,19,1.5,15,2,20,0.7,7
355,0.9,2,1.4,3,0.9,2,1.1,2,19.8,42,24.5,52,19.4,41,8.98,17,44.4,94,44.8,95,41.1,87,6.6,14,6.6,33,14.2,30,15.3,29,18.9,40,20.8,44,17.9,38,0.2,2,0.5,5,0.1,1
356,1,5,0.6,3,0.6,3,0.7,3,12.2,59,6.6,32,8.1,39,10.64,47,34.3,166,35.7,172,40.6,195,19,92,19,61,16.9,81,15,66,22.5,109,26.3,127,19.4,93,0.1,2,0.6,12,0.2,4
357,0.7,2,0.7,2,1.2,3,1.9,4,20.8,56,22.3,60,18.2,47,15.9,34,80.6,217,75.9,204,90.6,234,14.5,39,14.5,68,27.9,72,37.9,81,15.2,41,22,59,27.5,71,4.3,62,1.7,25,1.4,19
358,2.5,9,2.2,7,1.9,6,2.3,7,152.3,542,153.3,491,153.2,486,119.31,364,142.5,507,115.5,370,109.7,348,24.5,87,24.5,62,24.9,79,36.4,111,43.3,154,52.5,168,61.5,195,3.3,55,1.9,28,2.2,33
359,0,0,0.4,1,0.5,1,0,0,13.3,30,8.9,20,12.5,28,12.68,27,30.6,69,36.9,83,82.9,186,22.2,50,22.2,71,22.7,51,30.5,65,25.7,58,22.7,51,22.7,51,2.3,24,1.6,17,1.9,20
360,3.6,16,2.5,11,1.9,8,0.3,1,17.9,79,14.3,63,27.4,116,15.93,63,80.3,354,73,321,100.2,424,42.9,189,42.9,228,56.7,240,49.3,195,15.4,68,14.8,65,14.2,60,11.4,171,11.4,170,7.8,114
361,23.2,35,29.8,34,38.3,43,38.2,38,91.5,138,133.3,152,125.4,141,155.94,155,450.6,680,477.2,544,460.9,518,114.7,173,114.7,164,173.5,195,164,163,89.5,135,112.3,128,63.2,71,44.5,265,77.4,349,47.2,213
362,7.3,23,9.1,29,11,34,2.8,8,43.8,139,31.7,101,39.8,123,58.78,169,164.5,522,170.9,544,183.9,568,65.2,207,65.2,171,80.9,250,65,187,46,146,41.8,133,52.4,162,16.4,214,17.7,232,10.8,142
363,24.1,72,19.9,59,19.2,56,23.1,54,84.5,252,70.1,208,80,233,114.53,268,371.8,1109,358.6,1064,367.1,1069,89.8,268,89.8,227,152.5,444,153.9,360,76.1,227,86.6,257,68,198,17.2,207,21.6,261,17.2,208
364,0.4,1,0,0,0.7,2,0.4,1,11.5,33,13.3,38,17.5,48,25.14,61,38.8,111,48.4,138,59.7,164,23.7,68,23.7,81,28.1,77,29.3,71,52.7,151,48.7,139,39.3,108,0.4,4,1.9,22,1.3,14
365,4.7,8,5.9,10,5.4,9,0.8,1,38.6,66,33.2,56,41.6,69,41.08,50,134.5,230,124,209,182.9,303,52.1,89,52.1,107,74.8,124,90.4,110,34.5,59,30.3,51,27.8,46,11.9,98,18.9,156,23.3,192
366,20.4,16,16.3,13,27.1,20,21.2,14,150.5,118,111.8,89,142.3,105,185.8,123,579.1,454,566.6,451,749.3,553,181.1,142,181.1,129,197.8,146,208.5,138,82.9,65,84.2,67,80,59,22.2,98,18.3,84,7.2,32
367,2.3,13,2.5,12,2.7,12,4.4,18,46.8,260,50.6,246,64.2,287,84.14,341,146.9,817,141,686,198.7,888,24.6,137,24.6,149,36.9,165,43.2,175,60.2,335,63.1,307,69.8,312,2,61,5.5,149,5.5,151
368,,,,,,,4.2,12,,,,,,,257.84,732,,,,,,,,,,,,,,,30.9,94,10.9,33,12.5,38,,,,,,
369,21.9,25,24.5,25,15.8,20,23.4,28,84.8,97,124.3,127,102.4,130,102.76,123,377.6,432,465.8,476,283.7,360,86.5,99,86.5,125,159.2,202,122.8,147,62.9,72,67.5,69,63.8,81,26.9,125,46.7,219,35.4,180
370,15.4,50,19.9,64,20.4,64,18.9,50,65.1,212,77.7,250,66.1,207,83.33,221,541,1762,518.7,1669,452.5,1418,62.6,204,62.6,150,73.1,229,64.9,172,43.6,142,37.9,122,38.6,121,43.1,525,23.3,283,27.1,335
371,26.1,159,14.4,86,19.8,114,11.8,88,83.4,508,82.5,493,78.8,454,66.92,498,397.1,2418,407.5,2435,396.9,2288,75.1,457,75.1,480,118.1,681,110.2,820,48.1,293,47,281,36.4,210,26.8,604,32.7,738,25.3,570
372,0.3,4,0.4,5,0.7,8,0.4,4,8,95,5.9,70,7.2,84,8.99,100,25.1,298,26.7,314,25.3,297,12.7,151,12.7,199,17.6,207,28.3,315,23.1,274,18.9,223,15.3,180,1.5,66,2.1,94,1.2,54
373,0,0,0,0,0,0,0,0,11.4,29,15.1,38,13.2,33,7.54,18,31.8,81,28.7,72,36,90,29.4,75,29.4,94,34.8,87,40.2,96,25.1,64,36.2,91,33.2,83,3.4,38,4.8,53,1.5,17
374,29.8,75,23.7,59,20.5,51,23.4,53,77,194,68,169,67.3,167,75.8,172,449.6,1133,540,1343,354,879,79,199,79,269,116.8,290,139.3,316,69.8,176,76.8,191,66.9,166,24.6,280,29.4,335,34.6,393
375,0,0,0,0,0.4,1,0,0,12.1,29,5,12,5.9,14,7.26,18,35.3,85,38.7,93,43.9,104,22.4,54,22.4,55,18.1,43,18.1,45,22,53,22.9,55,13.9,33,0.9,8,2,17,0.5,4
376,1,4,1.5,6,2,8,1.7,6,18,75,18.3,73,16.5,65,29.71,108,64.4,268,71.1,284,68,268,38.9,162,38.9,193,38.6,152,43.5,158,32.2,134,27.5,110,12.9,51,7.8,118,6.5,95,7.2,105
377,1.2,7,1.1,6,1.1,6,0.6,3,10,57,10.6,59,11.3,62,9.43,47,41,233,35.2,197,38.5,212,25,142,25,135,23.4,129,26.3,131,18.1,103,13.1,73,14.2,78,4.3,88,3.3,67,2.7,54
378,4.3,19,0.7,3,4.3,18,2,8,30.5,134,24.4,106,30.7,130,37.57,150,143.7,632,160.7,699,154,652,44.8,197,44.8,222,40.2,170,74.9,299,33.9,149,32.9,143,26.2,111,6.8,147,8.3,179,8.8,185
379,0.2,1,0.2,1,0,0,0,0,8.6,36,5,21,8.9,37,5.96,24,25.6,108,28.1,118,22.4,93,12.1,51,12.1,52,19,79,14.2,57,13.3,56,11.7,49,11.5,48,0.4,5,1,13,0.2,3
380,0,0,0,0,0,0,0.4,2,4.7,27,6.1,35,3.9,22,5.9,32,16.3,93,15.2,87,18.1,103,17.7,101,17.7,116,25.6,146,21.8,118,14,80,15,86,10.2,58,2,37,2.8,52,1.3,23
381,3.3,12,3.2,10,2.9,9,4.1,12,41.2,151,49.8,154,53.4,164,36.48,107,126.2,462,164.3,508,183,562,34.1,125,34.1,113,39.7,122,62.1,182,24.9,91,20.7,64,22.8,70,4.2,86,4.1,72,6.4,111
382,16.2,49,8.9,27,9.6,29,10.9,30,43.5,132,40.3,123,46.8,141,45.98,127,226.5,687,227.2,693,219.9,663,72.2,219,72.2,199,71.3,215,95.9,265,37.3,113,36.4,111,21.9,66,49.8,456,54.4,506,46.7,436
383,10.2,42,4.9,20,7.4,30,5.6,21,39.2,162,36.7,150,28.2,115,40.3,150,177.7,735,164.7,674,137.1,559,44.3,183,44.3,184,52.7,215,66.4,247,28.3,117,30.3,124,22.3,91,12.1,193,33.5,533,7.1,113
384,9.3,34,8.5,31,6.7,21,7.1,16,82.5,301,63.1,231,58.3,182,79.8,179,400.2,1460,347.2,1271,258.5,807,20,73,20,49,16.7,52,32.6,73,76.5,279,62.8,230,84.6,264,0.4,8,3.9,70,1,14
385,21.2,103,17.5,84,13.5,59,10.2,46,47.6,231,47.6,229,54,236,60.34,273,303.7,1474,284.8,1370,323.7,1415,81.8,397,81.8,407,130.2,569,108.5,491,43.7,212,35.5,171,42.1,184,19.4,384,18.1,360,27.6,556
386,7.2,14,8.2,16,14.2,27,5.1,8,59.2,116,53.7,105,55.3,105,84.83,132,267.6,524,215.9,422,294,558,57.2,112,57.2,115,122.8,233,133,207,43.4,85,37.3,73,22.7,43,21.2,178,51,431,43.2,366
387,24.8,57,24.9,58,21.5,49,13.2,33,151.8,349,156.4,364,158.6,362,166.2,416,569.4,1309,569.4,1325,582.4,1329,130.1,299,130.1,276,138,315,123.9,310,97,223,114.3,266,93.3,213,15,141,32.4,306,16.1,152
388,10.1,21,10.7,22,15.6,27,14.9,22,82.9,172,58.5,120,66,114,78.07,115,313.3,650,323.4,664,342,591,48.2,100,48.2,139,113.4,196,122.9,181,51.6,107,44.3,91,37,64,20.6,203,19.7,192,10.6,88
389,6.5,61,4.9,46,4.1,36,4.2,37,27.3,257,24.8,232,25.8,228,26.88,239,113.5,1070,114.1,1068,107.9,952,39.1,368,39.1,421,55.6,491,61.5,547,24.6,232,25.3,237,22.2,196,12.9,461,22.6,805,17,607
390,2.7,4,0.7,1,5.4,8,6.4,9,31.8,47,57.9,85,48.1,71,38.65,54,188.5,279,234.3,344,227.1,335,31.8,47,31.8,83,50.9,75,67.3,94,29.7,44,36.8,54,24.4,36,11.9,93,15.6,122,8.1,64
391,0.4,1,0.4,1,0.9,2,0.4,1,9.4,22,6.8,16,11.4,26,5.25,12,31.9,75,29.4,69,30.2,69,20.9,49,20.9,45,20.6,47,36.3,83,11.9,28,16.2,38,18,41,6.6,64,4.7,46,2.5,24
392,0.4,4,0.6,6,0.3,3,0.5,4,13,132,10.4,107,12.2,123,16.17,142,35.3,358,32.9,337,43.2,434,14,142,14,188,15.4,155,18.2,160,32.5,330,33.4,343,31.9,321,1.2,49,2.4,98,1.5,59
393,2.4,13,0.5,3,1.5,9,4.1,20,47.1,260,48.7,282,41.4,245,42.89,211,196.3,1083,176.1,1019,189,1118,36.6,202,36.6,203,41.9,248,48,236,45.7,252,32.1,186,34.1,202,14.7,393,33.9,951,33.1,968
394,0.7,2,1.4,4,3.1,9,2,5,19.4,57,20.8,61,21.9,63,22.78,58,79.2,233,85.9,252,83.3,240,31.3,92,31.3,98,54.8,158,38.9,99,26.2,77,23.5,69,17,49,10.5,151,5.5,80,6.7,96
395,2.5,4,3.2,5,1.9,3,,,69.2,109,60.8,96,75.3,118,33.86,51,,,108.2,171,,,30.5,48,30.5,61,3.2,5,,,27.3,43,25.3,40,27.4,43,,,4.5,30,,
396,,,0.7,2,0,0,,,4.7,13,12.1,33,15.4,41,,,,,,,,,,,,,,,,,12.6,35,11.3,31,13.9,37,0.6,6,0.2,2,0.3,3
397,3.1,6,0,0,0,0,3.3,5,8.9,17,4.3,8,11.5,18,17.33,26,21.9,42,15.2,28,22.4,35,,,,,,,,,11,21,10.8,20,7,11,,,,,,
398,0,0,0,0,0,0,4.3,2,4.5,3,6.2,4,25.5,15,45.26,21,50.6,34,29.6,19,149.7,88,6,4,6,24,32.3,19,,,25.3,17,28,18,23.8,14,0,0,0,0,0.3,1
399,4.3,9,1.5,3,0.5,1,1.1,2,32.3,67,5.4,11,21.8,44,15.04,28,48.3,100,31,63,16.3,33,,,,,,,,,31.4,65,23.1,47,21.8,44,,,,,,
400,0,0,1.6,4,1.2,3,,,4.8,12,4.8,12,6.3,16,5.65,14,,,21.4,54,,,19.8,50,19.8,65,0.8,2,,,10.3,26,7.9,20,11.5,29,,,1.3,11,,
401,3.2,7,5,11,6.9,15,,,41.1,90,27.9,61,27,59,12.45,26,,,64,140,,,20.1,44,20.1,51,1.4,3,,,16.4,36,21,46,16.9,37,,,5,41,,
402,1.3,2,2.5,4,1.9,3,,,13.3,21,15.8,25,11.9,19,6.46,10,,,31.6,50,,,13.3,21,13.3,33,3.1,5,,,12.6,20,18.3,29,15,24,,,6.3,36,,
403,,,0.5,1,0.6,1,,,0,0,13.5,26,12.1,21,,,,,,,,,,,,,,,,,16.8,33,16.1,31,15.5,27,2.8,19,1.8,12,2.3,15
404,5.8,12,4.8,10,4.8,10,4.3,8,11.5,24,15,31,31.7,66,71.31,133,53.9,112,41.6,86,173,360,118.3,246,118.3,85,173,360,,,22.6,47,25.1,52,17.3,36,3.2,27,2.7,23,0.1,1
405,1.7,6,0.9,3,0,0,0,0,2.9,10,4.9,17,5.8,20,35.91,114,23.6,82,15.3,53,47.7,165,13.3,46,13.3,58,30.9,107,,,10.7,37,11.2,39,12.1,42,0.7,10,0.4,6,0.7,9
406,,,0.9,2,1,2,,,0,0,19.1,41,20,40,,,,,,,,,,,,,,,,,17.4,38,16.3,35,21,42,2.3,20,5.7,48,3.9,32
407,,,0.5,1,1.1,2,,,0.5,1,18.7,35,17.9,33,,,,,,,,,,,,,,,,,15.9,30,18.7,35,18.4,34,2.8,20,2.7,19,3.1,22
408,,,0.4,1,0.4,1,,,0,0,7.4,20,10.4,28,,,,,,,,,,,,,,,,,20.3,55,19.9,54,21.9,59,2.7,29,3,32,1.4,15
409,0.4,1,0,0,0.7,2,0,0,7.4,21,6,17,15.5,43,17.71,44,32.8,93,19.8,56,55.6,154,12.7,36,12.7,77,58.8,163,,,17.7,50,18.1,51,13.7,38,0.3,3,0.5,5,0.5,5
410,0,0,0.6,1,0,0,0.8,1,8.1,14,9.9,17,11.6,20,27.91,36,23.2,40,19.2,33,60.5,104,5.8,10,5.8,31,19.8,34,,,14.5,25,14.6,25,15.7,27,0.1,1,0.6,6,0.2,2
411,1.3,2,0,0,0.7,1,0.7,1,7.7,12,10.3,16,11.6,18,19.4,27,27.6,43,16.7,26,63.4,98,9.6,15,9.6,26,19.4,30,,,12.8,20,14.7,23,15.5,24,0.2,1,0.2,1,0.2,1
412,1.5,1,0,0,1.5,1,0,0,11.9,8,1.5,1,18.4,12,92.72,56,25.2,17,21,14,,,,,,,,,,,26.7,18,22.5,15,21.4,14,,,,,,
413,0.3,1,0,0,0.5,2,1.1,4,3.9,15,0,0,7.9,30,12.01,43,12.5,48,9.1,35,,,,,,,,,,,9.1,35,7.6,29,8.4,32,,,,,,
416,2.5,4,1.2,2,1.2,2,1.6,2,36.3,59,1.2,2,16,26,28.93,37,35.1,57,28.9,47,,,,,,,,,,,21.5,35,25.2,41,15.4,25,,,,,,
417,1.8,4,0,0,0.5,1,1.6,3,3.7,8,0,0,4.6,9,7.88,15,9.7,21,9.6,19,,,,,,,,,,,11.5,25,11.6,23,10.6,21,,,,,,
418,0.9,3,0.3,1,0.3,1,0.7,2,10,33,0.6,2,10.6,35,19.35,60,9.4,31,15.7,52,,,,,,,,,,,14.5,48,20,66,17.5,58,,,,,,
419,0.3,1,0.7,2,0,0,0.3,1,2.6,8,0.7,2,2.3,7,6.28,19,3.2,10,2.6,8,,,,,,,,,,,5.5,17,6.1,19,4.5,14,,,,,,
420,0.7,2,1.1,3,0.4,1,0.4,1,8,22,0.7,2,16.3,43,28.97,72,9.5,26,10.7,29,,,,,,,,,,,13.5,37,9.9,27,12.1,32,,,,,,
421,0,0,1.2,2,0.7,1,1.7,2,7,12,0.6,1,8.6,12,10.06,12,6.4,11,3.7,6,,,,,,,,,,,8.1,14,10,16,5,7,,,,,,
422,2.3,5,3.8,8,3.3,5,6.9,13,34.7,74,3.8,8,62.5,95,53.78,101,82,175,71.7,153,,,,,,,,,,,33.3,71,38.4,82,43.4,66,,,,,,
423,,,1.9,4,1,2,,,0,0,9.6,20,16.7,34,,,,,,,,,,,,,,,,,14.8,32,15.9,33,12.7,26,2.1,16,5.6,41,0.4,3
424,0,0,0,0,0.6,1,1.4,2,6.5,11,5.9,10,8.9,15,25.02,37,27.7,47,31.4,53,,,,,,,,,,,14.2,24,21.9,37,13.6,23,,,,,,
425,,,0.8,1,0,0,,,0,0,14,17,6.6,8,,,,,,,,,,,,,,,,,12.2,15,9.9,12,10,12,0.9,4,1.9,8,0.7,3
426,2.9,6,2.4,5,4.9,10,,,96.8,198,69.9,143,83.5,171,48.44,96,,,84.1,172,,,24.5,50,24.5,74,3.4,7,,,16.6,34,16.1,33,23.5,48,,,4.6,37,,
428,,,3.3,5,0,0,,,4.5,7,61.2,92,37.7,54,,,,,,,,,,,,,,,,,18.1,28,12,18,11.9,17,2.6,14,5.7,30,5.9,30
430,,,,,,,1.2,3,,,,,,,41.06,101,,,,,,,,,,,,,,,15,46,12.5,37,10.3,29,,,,,,
431,,,0,0,1.7,3,,,0,0,8.2,15,16.6,30,,,,,,,,,,,,,,,,,9.7,18,13.6,25,9.4,17,2.6,18,3.8,26,5.1,35
432,1.5,4,4.6,12,3.9,10,,,12.5,33,11.5,30,21.1,54,7.22,19,,,54.9,143,,,18.5,49,18.5,51,1.6,4,,,12.8,34,15.3,40,13.3,34,,,3,27,,
433,0,0,0,0,1,1,,,3,3,2,2,6,6,12.02,12,,,18.9,19,,,12.9,13,12.9,20,1,1,,,6,6,6,6,6,6,,,1.6,5,,
434,0.3,1,0.6,2,0.4,1,1.2,3,4.5,15,5.6,18,9.8,28,14.3,35,23.3,77,16.9,54,,,,,,,,,,,13.3,44,11.3,36,12.7,36,,,,,,
435,,,3.3,2,1.8,1,,,0,0,19.8,12,17.6,10,,,,,,,,,,,,,,,,,17.5,11,16.5,10,19.4,11,5.7,14,9.8,23,3.9,9
436,,,0.6,1,3.8,6,,,0,0,33.7,54,21.9,35,,,,,,,,,,,,,,,,,16.2,26,12.5,20,11.9,19,4.6,28,3.2,19,5.3,32
437,0.6,2,3.1,9,3.6,9,0.9,2,60.6,191,3.7,11,51,126,29.19,62,44.1,139,43,127,,,,,,,,,,,14,44,15.6,46,19.8,49,,,,,,
438,4.5,10,1,2,0.8,1,0,0,19.3,43,23,45,40.2,50,80.07,49,53.4,119,50.1,98,139.8,174,10.3,23,10.3,31,28.1,35,,,18.4,41,26.1,51,34.5,43,0.4,4,1.1,9,0.4,3
442,,,2,4,3.5,7,,,25.6,52,32.2,65,24.8,49,,,,,,,,,,,,,,,,,9.8,20,16.4,33,13.1,26,1.4,10,2.6,19,0.1,1
443,,,,,,,0,0,,,,,,,3.59,6,,,,,,,,,,,,,,,7,12,8.8,15,6.4,11,,,,,,
444,,,,,,,0.4,1,,,,,,,16.23,38,,,,,,,,,,,,,,,14.3,32,13.9,31,13,29,,,,,,
445,0,0,0.3,1,0,0,0.4,1,4.4,13,0.3,1,9.5,28,15.38,43,8.5,25,5.5,16,,,,,,,,,,,9.2,27,10.2,30,6.1,18,,,,,,
446,0.7,1,0.7,1,0,0,1.6,2,12.6,18,1.5,2,9.2,12,10.23,13,14,20,13.2,18,,,,,,,,,,,12.6,18,10.3,14,6.1,8,,,,,,
447,0,0,0.8,2,0,0,1.9,4,5.6,14,0.8,2,13.6,32,18.7,40,18.7,47,18.6,45,,,,,,,,,,,14.3,36,11.6,28,11,26,,,,,,
448,3.6,12,2.9,9,3.2,9,2.4,6,19.4,64,15.2,48,25.9,72,58.97,146,68.6,226,33.5,106,166.1,462,14.6,48,14.6,53,48.5,135,,,16.7,55,20.2,64,20.9,58,0.6,9,7.2,111,1.1,17
449,1.3,3,0.4,1,0.4,1,0.5,1,8.2,19,6,14,9.8,23,29.79,60,44.8,104,20,47,53,124,34.9,81,34.9,65,54.7,128,,,20.7,48,18.3,43,14.9,35,0.1,1,1.1,10,0.3,3
450,0.3,1,0.5,2,0.3,1,0.6,2,17,69,4.5,18,13.3,50,15.82,54,9.6,39,15.6,62,,,,,,,,,,,11.1,45,11.8,47,11.2,42,,,,,,
451,0.2,1,0.3,1,0,0,,,7.9,33,8.5,34,6.6,24,,,25.7,107,30.1,121,33.6,122,6,25,6,48,8.3,30,,,11.3,47,9.2,37,12.4,45,,,,,,
452,1.8,3,0.6,1,0,0,1.5,2,37.8,64,3.6,6,33.4,54,55.11,76,46.6,79,39.1,66,,,,,,,,,,,20.1,34,22.5,38,20.4,33,,,,,,
453,,,,,,,3.8,7,,,,,,,25.76,48,,,,,,,,,,,,,,,16.5,33,19,38,13,26,,,,,,
454,,,1.3,2,0.7,1,,,0.7,1,5.3,8,9.2,14,,,,,,,,,,,,,,,,,18.5,28,21.8,33,21.1,32,3,16,4.8,26,4.3,23
455,,,0,0,0.5,1,,,0,0,9.6,19,6.5,13,,,,,,,,,,,,,,,,,19.6,39,20.6,41,9.1,18,2.3,17,1.6,12,2.5,19
456,0,0,5.5,6,6.4,7,,,22,24,22.1,24,7.3,8,4.47,5,,,66.2,72,,,11,12,11,7,,,,,27.6,30,16.6,18,21,23,,,3.1,17,,
457,0,0,1,1,1,1,,,2.8,3,4.7,5,1.9,2,1.91,2,,,17.1,18,,,8.5,9,8.5,31,1,1,,,18,19,13.3,14,11.3,12,,,1.9,7,,
458,2.7,3,0.9,1,0.9,1,0,0,6.2,7,5.3,6,16,18,35.71,39,21.3,24,13.3,15,47,53,8.9,10,8.9,18,51.5,58,,,7.1,8,13.3,15,11.5,13,0.3,1,0.5,2,2,8
459,1.4,4,2.9,8,2.2,6,,,9.7,27,9.4,26,19.1,53,6.09,16,,,25.6,71,,,27,75,27,53,4.3,12,,,13.3,37,10.8,30,10.4,29,,,2,19,,
460,1.3,4,5.7,17,5.4,16,,,28.3,85,26.6,80,43.6,129,25.64,70,,,88.6,266,,,31,93,31,125,1.7,5,,,24,72,22.3,67,20.9,62,,,4.5,49,,
462,0.4,1,0.5,1,1,2,2.2,4,12.9,29,4.2,9,21.2,43,10.22,19,31.5,71,39.8,85,,,,,,,,,,,15.5,35,12.7,27,13.8,28,,,,,,
463,1.7,4,5,12,1.3,3,1.9,4,18,43,5,12,32.8,78,17.22,37,43.1,103,37.6,90,,,,,,,,,,,20.1,48,13.4,32,16.8,40,,,,,,
464,0.8,3,1.7,6,0.3,1,0.3,1,9.8,35,1.7,6,31.3,110,17.65,56,17.1,61,18.5,66,,,,,,,,,,,14,50,13.8,49,10.2,36,,,,,,
465,0,0,0.8,1,1.6,2,,,8.8,11,12,15,19.2,24,10.92,14,,,47.1,59,,,12,15,12,27,0.8,1,,,18.4,23,10.4,13,20.8,26,,,1.4,7,,
466,0.4,1,1.2,3,0.8,2,1.3,3,7.3,19,2.7,7,30.2,76,22.99,54,20.1,52,18,46,,,,,,,,,,,15.8,41,16,41,13.1,33,,,,,,
467,1.9,4,0.9,2,0,0,1.6,3,70.1,152,0.9,2,18.1,39,15.1,29,10.2,22,6.9,15,,,,,,,,,,,17.1,37,14.8,32,9.7,21,,,,,,
468,0,0,0,0,0,0,,,1.2,2,0,0,0.5,1,,,1.8,3,3.7,7,1.6,3,3.6,6,3.6,1,0.5,1,,,23.4,39,27.1,51,20.6,39,,,,,,
469,0,0,0.5,1,0.5,1,,,1.1,2,14.3,27,3.7,7,,,25,47,27.5,52,27.3,51,9.6,18,9.6,32,7,13,,,14.4,27,16.9,32,13.4,25,,,,,,
470,3.9,9,0,0,1.3,3,0.6,1,5.6,13,8.6,20,12,28,28.81,51,48.4,113,24.4,57,65.4,153,7.7,18,7.7,42,15,35,,,12.8,30,14.1,33,14.1,33,0.1,1,0.5,5,0.4,4
471,3.3,9,1.4,4,1.4,4,0.8,2,23.5,65,22.4,62,18.7,52,40.1,99,71.5,198,62.8,174,113.8,316,14.5,40,14.5,66,35.7,99,,,16.3,45,24.9,69,18.4,51,1.1,14,0.9,11,2.6,33
472,0.8,1,0,0,0,0,0,0,3,4,2.3,3,12.4,16,6.14,7,10.6,14,8.4,11,52.7,68,22.8,30,22.8,16,84.5,109,,,12.2,16,10.7,14,10.1,13,3.1,17,1.9,10,1.1,6
473,2.7,6,3.5,8,2.2,5,,,15.5,35,15.8,36,15.7,35,,,98.9,224,95.3,217,94,210,8.4,19,8.4,43,21.9,49,,,28.7,65,33,75,25.5,57,,,,,,
474,5.4,13,0.8,2,1.3,3,1.8,4,10,24,10.5,25,21.8,52,27.61,60,54,129,29.3,70,111.3,265,17.2,41,17.2,69,51.6,123,,,15.9,38,16.3,39,15.1,36,0.5,6,1.7,20,0.6,7
475,0.4,1,0,0,0,0,,,5.9,16,7,19,6.9,18,,,22,60,23.6,64,25.9,68,1.5,4,1.5,35,3.4,9,,,12.5,34,17,46,13,34,,,,,,
