NPA,Bachelors_Degree_2015,Bachelors_Degree_moe_2015,High_School_Diploma_2015,High_School_Diploma_moe_2015,Early_Care_Proximity_2015,Early_Care_Proximate_Units_2015,Early_Care_Proximity_2013,Early_Care_Proximate_Units_2013,Early_Care_Proximity_2011,Early_Care_Proximate_Units_2011,SchoolAge_Proximity_2015,SchoolAge_Proximate_Units_2015,SchoolAge_Proximity_2013,SchoolAge_Proximate_Units_2013,SchoolAge_Proximity_2011,SchoolAge_Proximate_Units_2011,Library_Card_Prevalence_2015,Library_Card_Holders_2015,Library_Card_Prevalence_2013,Library_Card_Holders_2013,Proficiency_Elementary_School_2016,Proficiency_Elementary_School_2015,Proficiency_Elementary_School_2014,Proficiency_Middle_School_2016,Proficiency_Middle_School_2015,Proficiency_Middle_School_2014,Proficiency_High_School_2016,Proficiency_High_School_2015,Proficiency_High_School_2014,Highschool_Graduation_Rate_2015,Highschool_Graduation_Rate_2014,Highschool_Graduation_Rate_2013,Student_Absenteeism_2016,Student_Absenteeism_2015,Student_Absenteeism_2014,Student_Absenteeism_2013,Neighborhood_School_Attendance_2016,Neighborhood_School_Attendance_2015,Neighborhood_School_Attendance_2014,Neighborhood_School_Attendance_2013,Neighborhood_School_Attendance_2011
2,34,4,86,9,61,662,61,664,100,1082,100,1078,100,1080,100,1081,20,443,16,354,37.5,34.1,39.5,28.2,41.7,45.8,55.6,,63.6,83,75,61,15,12,12,9,46,48,49,49,46
3,75,4,96,3,70,3317,70,3306,80,3559,70,3316,76,3622,75,3343,17,1338,14,1064,87.31,84.2,86.4,85.0,79.5,77.9,62.5,65.0,66.7,100,91,88,6,6,6,6,80,77,75,76,70
4,83,13,100,13,41,167,39,156,44,175,43,173,40,162,40,162,19,209,16,170,96.15,86.4,82.6,85.7,82.9,86.2,66.7,83.3,,100,100,100,2,1,4,2,80,82,86,86,84
5,2,5,75,24,100,331,100,329,100,332,100,331,100,329,100,332,19,141,9,72,20,16.7,16.7,17.7,6.7,12.9,50.0,16.7,11.1,100,50,80,17,24,21,22,70,69,73,75,70
6,8,5,63,6,100,817,100,820,100,825,100,817,100,820,100,825,18,311,12,210,21.52,17.7,25.0,20.3,20.8,17.9,28.6,20.0,25.0,61,62,56,21,20,21,16,67,66,65,74,67
7,85,5,99,3,0,0,0,0,27,113,85,360,84,357,85,355,15,196,11,147,90.91,94.4,90.0,100.0,100.0,100.0,,,,100,100,83,1,1,5,1,97,97,98,98,98
8,51,15,96,11,20,208,20,208,48,431,20,208,20,206,22,199,14,260,15,229,74.07,79.3,81.8,70.6,83.3,71.4,,,,,,,8,9,11,4,33,38,33,38,31
9,41,12,82,11,100,302,100,305,100,305,100,302,100,305,100,305,17,106,15,87,40,40.0,60.0,25.0,28.6,16.7,,,,,,,4,21,12,9,33,30,14,28,35
10,18,5,78,7,100,1592,100,1595,100,1599,100,1592,100,1595,100,1599,17,624,13,454,31.31,24.2,26.0,27.3,30.8,29.8,33.3,22.2,6.7,61,56,59,17,19,21,13,66,71,71,77,53
11,87,13,99,12,82,1006,82,994,89,1071,82,1009,82,998,82,993,20,534,16,400,88.17,88.0,87.1,88.7,95.7,82.5,92.9,85.7,100.0,100,100,100,3,2,4,4,73,70,70,75,72
12,19,6,76,7,100,1257,100,1257,100,1257,100,1257,100,1257,100,1257,16,438,11,292,22.73,23.7,25.8,21.3,22.8,18.3,34.3,50.0,25.0,78,85,52,16,20,17,12,78,84,82,82,68
13,32,6,88,3,84,1535,84,1518,92,1665,100,1827,100,1810,100,1812,17,621,14,488,40,39.7,47.0,24.2,32.6,30.0,,20.0,53.8,60,64,50,14,11,9,8,65,70,63,65,69
14,52,10,99,11,100,1614,81,1315,81,1314,99,1595,68,1105,68,1103,17,661,12,431,41.05,41.1,43.3,34.1,35.4,39.3,67.9,50.0,50.0,97,97,95,9,10,9,8,72,76,76,77,79
15,53,4,93,9,55,457,57,474,77,635,55,461,0,4,0,3,20,436,17,352,61.54,64.9,72.2,68.3,62.8,62.2,42.9,50.0,,100,91,80,11,6,6,4,62,62,58,56,48
16,29,7,89,4,98,2076,100,2112,100,2119,94,1988,100,2105,100,2112,22,1030,16,750,40.2,38.2,31.5,27.3,27.2,27.0,33.3,27.6,24.3,75,80,70,11,13,12,9,75,76,73,74,65
17,15,5,79,9,100,1256,100,1256,100,1256,100,1256,100,1256,100,1256,17,574,12,409,32.84,36.2,35.8,24.3,19.8,26.7,31.3,37.9,30.0,81,81,78,14,12,12,11,71,72,76,76,67
18,74,9,98,8,10,172,10,168,39,621,33,554,23,383,24,377,17,570,15,486,78.82,76.0,76.6,71.4,81.5,75.9,63.6,50.0,70.0,89,91,88,5,3,5,6,84,84,81,79,82
19,64,6,97,6,33,574,39,684,39,683,57,1001,57,1006,57,1005,18,675,17,595,75.76,75.3,72.0,76.6,76.1,73.8,57.9,91.7,73.3,88,87,93,5,7,9,5,67,67,64,70,68
20,56,10,95,7,43,624,79,1151,75,1092,38,549,66,956,66,957,22,702,17,541,76.4,65.7,69.4,67.4,61.9,65.5,79.2,79.2,85.0,100,96,100,6,6,6,7,92,95,94,94,93
21,9,4,71,6,100,1219,100,1211,100,1167,99,1207,100,1215,100,1167,25,738,18,510,42.03,39.7,39.4,36.0,31.4,23.2,30.0,46.7,28.6,90,57,55,13,7,10,7,67,75,78,79,60
22,31,11,80,12,84,417,87,316,90,419,98,490,90,329,93,432,15,141,12,109,37.5,44.4,23.1,54.6,8.3,15.4,,,,,,33,14,16,6,7,70,68,65,56,70
23,17,10,90,23,66,364,73,401,76,415,69,378,75,415,76,415,32,352,22,242,34.85,26.9,28.6,15.1,23.9,20.5,40.0,50.0,20.0,67,82,88,16,13,18,11,80,82,82,82,72
24,52,17,80,16,93,417,92,434,92,436,99,443,98,464,98,465,16,185,11,131,33.33,45.9,36.0,25.0,25.0,32.4,50.0,57.1,50.0,67,67,77,9,10,15,14,65,70,76,75,76
25,66,7,99,8,2,22,2,22,2,22,27,299,27,299,27,298,19,575,16,462,85.59,84.3,81.0,90.0,90.0,86.7,87.5,88.1,89.2,94,98,100,3,5,6,4,94,95,96,96,97
26,49,8,97,6,6,64,6,62,5,51,6,64,6,62,6,63,17,514,12,384,60.26,63.4,65.8,57.8,54.3,49.5,40.7,77.3,54.2,100,90,93,8,8,10,4,67,72,80,84,86
27,25,7,86,13,60,596,100,988,100,990,64,630,100,988,100,990,20,535,14,378,50.38,43.6,43.2,38.4,46.5,36.4,40.5,52.2,56.7,89,96,78,10,10,9,7,83,85,85,87,74
28,63,10,96,9,81,447,79,431,90,493,88,485,86,474,87,472,20,238,14,167,75.86,71.9,87.5,88.2,89.2,88.2,100.0,,,80,100,,2,4,5,3,90,85,89,88,79
29,63,7,89,7,60,338,60,339,60,339,60,338,60,339,60,339,22,273,18,223,91.3,72.0,73.7,84.6,88.2,73.7,64.3,66.7,81.8,89,100,80,13,11,5,7,90,95,91,93,95
30,12,8,68,16,99,847,99,497,99,496,100,853,100,503,100,502,15,323,11,134,20,18.2,33.3,13.1,8.8,15.1,33.3,23.1,10.0,79,57,50,24,22,22,17,76,78,75,80,76
31,78,9,100,9,54,366,0,0,69,466,57,388,21,141,21,140,21,349,19,319,87.5,91.3,88.7,85.7,91.8,93.2,85.7,88.9,80.0,100,100,100,2,1,4,3,93,94,92,92,90
32,54,17,98,24,100,220,100,220,100,220,100,220,100,220,100,220,16,53,14,47,,50.0,60.0,,40.0,40.0,,,,,,100,6,5,5,21,100,95,89,92,86
33,44,16,90,9,99,624,95,589,97,596,6,38,0,3,0,3,20,270,13,170,70.37,64.3,37.5,35.3,45.5,28.6,20.0,,,80,,100,12,15,7,13,57,61,70,74,70
34,4,4,63,9,65,525,61,496,61,479,65,525,61,496,60,475,13,288,9,193,28.41,36.5,33.3,19.7,21.6,20.2,27.3,35.0,33.3,93,78,77,15,19,20,13,79,84,85,83,78
35,22,5,87,9,0,0,0,0,0,0,0,0,0,1,0,1,10,183,7,110,35.85,41.9,48.8,44.2,41.5,47.4,37.5,,60.0,75,83,59,14,12,11,8,70,78,76,83,67
36,48,8,98,5,48,586,73,769,75,768,48,586,73,769,75,768,21,596,20,470,60.71,66.0,72.7,44.4,60.7,57.1,42.9,44.4,33.3,100,92,92,10,9,7,8,62,62,57,68,60
37,10,4,77,6,100,779,100,780,100,790,100,779,100,780,100,790,23,418,15,269,23.64,25.0,15.9,11.4,13.2,30.2,18.2,36.4,35.3,88,80,69,16,18,21,12,61,63,68,69,57
38,46,7,95,5,79,662,79,661,80,671,91,769,91,769,91,768,18,431,14,341,58.33,57.1,55.6,44.4,43.5,37.5,22.2,50.0,53.3,91,95,84,6,12,9,7,69,68,75,80,79
39,40,7,82,6,78,748,82,771,81,759,78,748,81,760,80,747,19,543,14,387,47.46,50.0,51.0,45.8,34.1,31.3,41.7,38.8,39.1,83,84,88,12,11,12,8,69,70,76,82,77
40,18,9,71,12,100,1183,100,1182,100,1183,100,1183,100,1182,100,1183,19,601,11,358,33.63,27.8,37.4,24.7,23.2,22.1,31.0,29.4,40.0,100,71,60,14,12,17,8,65,64,63,65,47
41,31,8,92,11,30,232,60,460,94,726,30,232,41,320,41,319,16,256,13,199,46,53.7,50.0,39.3,22.2,37.0,61.5,63.6,77.8,81,89,67,13,18,11,7,89,91,91,90,88
42,64,8,98,8,15,193,0,2,83,1096,83,1097,83,1097,83,1096,21,537,18,439,78.38,65.1,73.4,80.9,71.7,73.7,50.0,100.0,62.5,100,57,82,4,4,10,7,86,92,89,88,84
43,45,12,100,12,75,488,75,485,78,496,75,488,75,485,74,466,20,312,16,247,67.86,67.3,74.0,64.2,67.3,64.7,71.4,80.0,,100,89,87,7,8,7,9,91,88,88,89,82
44,79,18,100,7,0,0,0,0,75,335,74,341,74,336,75,335,17,156,17,149,73.33,50.0,88.2,87.5,66.7,87.5,,,,,,,10,6,4,2,91,93,95,98,87
45,53,6,91,9,71,812,0,0,2,24,78,885,6,71,2,24,19,616,13,402,68.75,62.9,60.9,47.6,46.2,41.8,73.0,50.0,71.4,100,89,88,4,5,5,5,43,43,53,72,52
46,36,10,87,10,100,956,100,956,100,957,100,956,100,956,100,957,15,381,10,256,37.93,35.8,43.5,37.2,32.1,30.3,45.0,58.3,25.0,90,83,72,12,16,19,8,76,78,74,80,79
47,55,10,94,5,43,277,43,277,43,278,43,277,42,271,42,270,20,230,17,195,92.86,90.9,77.8,50.0,,,,,,,,,10,0,0,5,51,56,56,68,85
48,25,7,77,4,80,495,80,497,82,515,84,514,83,516,82,515,18,327,12,210,63.22,52.1,45.1,46.3,31.6,35.4,47.1,56.5,56.7,87,93,93,12,8,9,9,71,71,73,78,79
49,32,11,81,11,74,708,70,671,71,669,74,708,68,651,68,648,17,449,11,287,39.47,34.3,42.0,37.3,31.7,39.6,22.2,25.0,18.8,81,77,79,11,14,15,7,61,63,63,69,64
50,8,5,59,6,100,1054,100,1053,100,1053,100,1054,100,1053,100,1053,15,467,10,309,27.01,24.1,23.7,25.6,19.0,19.1,33.3,38.5,40.6,83,87,63,12,14,12,11,80,80,81,86,70
51,69,10,98,10,96,702,100,737,100,737,96,702,100,737,100,737,13,181,12,170,62.5,57.1,33.3,50.0,11.1,23.1,,,,,,100,10,11,9,8,41,46,45,47,49
52,11,7,62,14,52,286,70,624,65,577,52,286,70,624,65,577,29,427,18,420,25.37,20.6,22.9,7.7,18.0,21.4,,18.2,23.1,67,59,62,19,15,17,13,81,84,87,91,86
53,8,3,68,11,100,1222,100,1060,100,1057,100,1222,100,1060,100,1057,12,425,9,262,24.05,27.7,28.8,12.7,12.3,19.4,60.0,22.6,13.6,90,64,59,16,15,15,13,74,78,82,81,76
54,8,7,69,20,60,333,95,534,95,534,84,472,96,537,96,537,10,184,7,115,30.69,30.1,40.6,30.5,26.8,25.0,53.3,41.7,38.1,81,78,63,9,12,14,9,67,67,68,67,67
55,38,4,93,8,33,262,33,262,32,261,33,262,20,159,20,159,17,353,14,284,57.78,69.7,60.0,56.3,50.0,50.0,69.2,50.0,50.0,72,88,83,9,12,10,15,79,83,82,82,83
56,41,9,99,10,0,0,0,0,0,0,0,0,0,0,0,0,21,165,18,136,59.09,44.4,65.0,44.0,60.0,69.0,92.3,80.0,83.3,100,78,100,8,7,6,5,94,86,92,92,93
57,15,7,68,15,85,566,100,669,100,683,85,566,100,669,100,683,22,354,14,225,40.3,29.6,34.8,16.4,15.8,10.5,34.8,22.2,25.0,88,70,60,9,8,8,8,82,88,91,87,80
58,18,6,68,8,100,485,100,485,100,485,100,485,100,485,100,485,15,228,10,155,39.39,28.8,35.1,15.5,24.1,22.6,23.1,30.8,50.0,93,78,54,14,14,15,9,77,81,78,72,73
59,20,6,92,2,100,1110,99,1101,99,1096,100,1110,96,1065,96,1065,20,506,16,391,34.07,29.4,29.5,24.6,23.1,24.3,18.8,26.1,35.7,79,67,55,16,12,14,12,59,58,65,69,56
60,39,16,90,4,38,429,22,249,66,656,76,860,68,763,66,656,12,410,10,313,34.78,35.0,34.8,27.9,16.7,24.4,28.6,50.0,57.1,83,75,55,14,22,21,13,82,86,90,86,84
61,33,9,84,22,100,434,100,433,100,433,100,434,100,433,100,433,15,181,11,127,28.57,16.7,43.3,17.4,16.0,24.1,,66.7,42.9,89,100,63,12,5,16,6,78,77,74,81,78
62,33,,100,,0,0,0,0,0,0,0,0,0,0,0,0,1,46,1,58,,,,,,,,,,,,,,,,,,,,,
64,39,,90,,91,1887,87,1713,100,1971,91,1887,100,1974,100,1971,14,630,11,483,39.13,27.8,32.1,25.0,13.2,22.5,25.0,41.7,16.7,94,62,75,16,11,11,15,70,68,69,76,68
65,76,16,98,9,54,663,61,663,83,809,54,663,61,663,83,809,14,304,12,221,51.85,34.8,50.0,30.0,11.1,33.3,,,,,,,6,5,6,6,62,68,67,80,84
66,40,12,95,9,0,0,0,0,0,0,0,0,0,0,0,0,14,376,14,349,56,50.0,41.2,33.3,38.5,36.8,,50.0,,80,89,100,7,3,14,8,54,60,58,74,69
67,63,13,88,23,98,629,100,629,99,321,98,629,100,629,99,321,10,122,16,90,16.67,,50.0,28.6,16.7,,,,,,,,10,24,24,14,81,62,72,83,74
68,30,10,96,8,95,1073,95,1073,96,1093,96,1093,89,1005,89,1005,22,552,17,415,50.54,40.0,45.9,43.2,36.8,40.8,59.3,68.2,58.6,97,88,86,13,10,11,6,56,53,62,87,69
69,75,11,100,12,0,0,0,0,62,469,33,208,43,328,43,327,21,232,13,194,81.08,94.7,95.0,85.3,100.0,86.4,100.0,,60.0,86,100,80,7,1,2,4,92,91,90,95,93
70,21,9,72,11,99,518,99,520,100,522,99,518,99,520,99,519,26,338,19,239,17.14,10.3,26.5,17.9,17.7,17.9,,42.9,22.2,72,77,82,17,15,14,9,61,62,60,65,57
71,14,4,64,9,100,1425,100,1417,100,1408,98,1399,98,1391,98,1374,9,372,7,272,27.36,19.4,29.3,19.6,20.3,24.0,33.3,8.3,40.0,75,80,60,10,14,17,12,80,80,80,81,77
72,45,11,96,11,0,0,0,0,0,0,0,0,0,0,0,0,12,321,16,213,51.72,55.2,58.1,54.2,50.0,35.0,40.9,20.0,46.2,100,100,100,8,7,6,6,73,73,76,81,83
73,17,6,86,11,50,535,52,537,53,539,53,564,52,545,54,549,15,439,9,255,48.46,39.1,48.1,35.2,34.0,29.4,26.9,52.9,54.2,84,86,88,13,11,12,7,75,77,79,84,81
74,51,10,97,15,2,15,2,15,95,704,43,319,43,319,43,319,18,201,17,194,50,63.6,85.7,70.0,50.0,31.6,60.0,40.0,60.0,80,82,,2,13,9,5,73,80,79,78,80
75,73,15,97,14,62,492,0,0,0,0,74,587,15,109,13,86,16,334,12,220,90,85.2,83.6,75.8,85.7,80.0,80.0,84.6,70.6,100,97,100,4,3,4,5,92,93,94,96,94
76,51,12,95,4,49,540,28,269,29,228,49,540,7,71,8,64,17,549,14,339,60.75,58.2,55.9,40.4,41.8,51.5,64.9,55.9,83.3,87,97,79,4,5,4,6,60,60,62,89,68
77,33,7,92,10,84,1890,84,1790,98,1999,84,1890,84,1778,85,1740,19,1110,13,737,57.8,55.3,50.5,40.6,39.1,42.2,43.9,56.0,53.6,95,90,92,6,6,8,5,62,58,59,89,68
78,48,7,97,8,65,595,65,584,71,593,65,595,67,596,71,596,18,366,14,276,48.78,48.4,49.2,44.4,40.0,45.0,55.6,61.9,47.1,100,68,87,8,8,7,11,57,56,57,89,67
79,3,3,44,10,100,518,100,679,100,679,100,518,100,679,100,679,7,117,4,100,25,23.5,21.8,18.6,22.4,15.4,42.9,7.7,45.5,53,54,75,10,12,16,12,80,84,87,87,82
80,60,18,93,8,86,1003,86,1016,86,1002,86,1003,86,1016,86,1002,15,326,13,284,47.73,43.2,51.3,54.6,44.4,23.1,83.3,66.7,12.5,89,100,94,11,7,10,6,68,73,77,90,85
81,23,8,93,13,96,438,96,438,100,454,100,454,100,452,100,452,18,208,15,171,58.97,56.4,55.3,41.0,44.1,44.7,25.0,66.7,72.7,100,100,90,9,6,7,7,46,45,56,86,61
82,46,12,97,10,62,558,62,558,62,559,62,558,48,433,48,432,18,456,12,312,53.09,59.2,52.4,48.8,44.7,53.0,62.5,62.5,63.6,93,81,100,6,6,6,5,45,47,51,81,63
83,15,7,73,11,32,94,30,88,30,87,10,29,31,90,31,90,16,135,9,78,32.26,29.8,32.2,26.4,40.0,31.6,42.1,31.3,33.3,78,79,67,13,12,12,12,84,90,89,92,80
84,20,16,90,22,23,62,23,63,25,69,18,48,26,70,26,70,6,41,6,46,58.33,66.7,38.5,40.0,29.4,33.3,,,40.0,,100,80,19,21,10,12,69,71,62,88,60
85,8,5,72,3,100,771,100,776,100,781,100,771,100,776,100,781,31,606,19,379,15,6.6,12.8,14.3,4.5,9.0,23.5,33.3,,63,64,74,18,17,16,14,63,67,69,64,63
86,13,5,58,5,96,1068,98,969,100,1050,100,1116,100,993,100,1050,13,401,9,256,29.09,26.8,31.6,17.3,27.7,30.2,14.8,16.7,25.0,82,67,71,13,17,14,12,78,84,82,85,76
87,20,10,67,7,99,677,99,677,100,690,99,677,99,679,99,685,14,233,10,174,46.15,30.2,35.7,23.5,29.2,16.3,42.9,33.3,27.3,80,47,44,9,12,12,8,65,80,82,82,58
88,5,8,68,8,100,469,100,474,100,481,100,469,100,474,100,481,20,244,11,147,17.46,13.2,17.9,34.6,29.6,25.0,42.9,20.0,27.3,71,80,67,16,14,18,12,66,66,72,73,62
89,15,9,92,4,99,543,100,549,100,549,99,543,100,549,100,549,20,308,14,211,40.98,44.6,43.9,25.0,26.1,27.3,40.0,60.0,33.3,86,88,95,13,12,12,9,78,79,77,78,58
90,24,9,73,13,100,828,100,828,100,826,51,425,51,420,51,418,14,279,10,204,37.88,33.3,30.8,26.3,22.5,22.7,61.5,25.0,,90,50,60,10,14,12,11,70,72,75,77,48
91,27,12,80,10,100,839,100,839,100,840,100,839,100,839,100,840,20,481,14,330,45.79,32.6,35.2,27.2,29.2,33.0,41.9,55.6,44.4,85,88,80,14,14,14,7,72,74,71,71,65
92,66,8,100,8,91,1206,98,1032,97,883,91,1206,98,1032,97,883,12,275,9,176,55.17,55.6,52.4,35.0,27.3,38.5,22.2,42.9,,89,78,100,7,15,7,8,53,47,50,88,58
93,28,9,87,16,100,624,100,624,100,624,100,624,100,624,100,624,17,231,12,157,30.56,32.5,38.9,31.9,22.7,21.3,50.0,44.4,61.1,91,67,70,9,14,8,8,53,51,53,92,50
94,6,4,82,2,36,138,36,138,42,160,36,138,36,138,36,138,15,165,12,136,19.05,17.5,19.6,28.3,26.8,23.3,31.3,33.3,35.7,86,60,45,17,14,15,13,80,78,75,78,66
95,46,19,93,22,95,636,95,636,93,627,95,636,95,636,95,636,14,242,10,164,42.59,47.8,52.8,42.9,44.2,44.7,53.9,27.3,55.6,100,94,87,11,11,8,7,46,48,51,79,53
96,41,10,95,10,100,1804,100,1522,100,1180,100,1804,100,1522,100,1180,13,555,11,378,44.26,43.1,43.0,33.3,26.5,29.8,30.8,48.3,48.7,76,78,75,8,11,8,9,51,52,50,82,57
97,38,9,96,11,24,370,24,370,24,370,24,370,24,370,24,370,20,772,14,543,62.1,50.4,40.7,39.3,36.3,36.3,45.5,65.2,60.0,91,89,84,7,10,9,6,62,58,60,87,62
98,37,10,87,16,56,532,54,499,57,520,57,535,54,500,54,495,18,487,12,311,52,46.2,36.9,40.0,35.0,31.6,30.6,24.0,50.0,100,94,80,10,10,11,4,68,69,76,78,78
99,41,9,91,1,83,538,84,539,89,572,83,538,84,539,83,535,29,437,20,308,42,51.6,44.4,50.0,48.6,48.5,27.3,45.5,66.7,95,92,71,13,7,13,7,68,71,60,65,62
100,18,11,72,11,100,701,100,701,100,701,100,701,100,701,100,701,20,351,15,244,23.94,29.6,23.1,25.4,31.9,26.7,16.7,25.0,57.1,79,68,50,17,13,12,10,65,69,67,72,55
101,4,3,48,10,100,728,100,728,100,729,100,728,100,728,100,729,13,313,9,197,31.06,19.5,26.2,23.4,20.0,20.8,15.0,18.8,26.3,82,57,70,16,10,9,10,76,80,81,88,77
102,12,9,82,6,100,524,100,523,100,524,100,524,100,523,100,524,18,261,13,183,35.09,42.1,38.2,29.3,18.8,24.6,21.1,8.3,42.1,86,68,83,17,12,14,11,77,77,80,84,65
103,8,5,63,12,100,480,100,481,100,479,100,480,100,481,100,479,19,303,10,154,21.52,26.9,41.3,17.9,14.8,16.7,21.1,46.7,14.3,85,74,61,15,11,14,11,80,77,78,78,71
105,66,12,100,12,100,633,100,525,100,434,100,633,100,525,100,434,12,167,10,104,31.58,32.4,25.0,60.9,34.4,45.8,40.0,,50.0,88,,,17,13,15,9,76,70,75,83,79
106,15,12,54,19,99,720,99,720,100,726,99,720,99,720,99,720,11,178,9,138,29.58,25.4,22.9,19.6,20.0,19.7,,22.2,16.7,67,67,57,18,15,17,7,75,85,80,85,75
107,18,10,95,23,100,1071,100,1071,100,1071,100,1071,99,1064,99,1064,20,447,14,319,45.16,50.6,49.4,41.8,37.9,41.1,50.0,62.1,42.3,95,88,76,12,11,8,9,86,89,89,94,91
108,25,12,84,17,94,514,97,533,98,535,95,520,98,534,98,535,21,300,14,197,51.85,53.2,67.4,55.6,51.7,50.0,66.7,72.2,45.0,94,94,93,9,10,4,6,86,90,88,90,85
109,57,9,95,13,10,93,8,66,7,55,0,0,0,0,0,0,20,481,14,316,46,50.8,62.3,48.5,49.1,49.1,21.4,46.7,25.0,94,94,100,13,12,12,9,77,80,78,82,77
110,24,9,92,10,0,0,0,0,0,0,0,0,0,0,0,0,18,338,13,251,42.11,48.1,50.9,53.1,52.2,50.0,58.3,50.0,63.6,86,83,83,12,11,11,9,72,81,84,84,87
111,24,10,91,15,74,847,78,848,82,726,74,847,78,848,82,726,15,483,12,334,43.59,48.1,47.5,41.6,41.2,26.4,48.6,40.0,35.0,87,100,84,5,7,5,7,53,52,57,83,54
112,21,9,94,10,36,198,37,197,37,196,36,198,23,122,23,121,17,254,11,159,42.65,43.8,46.2,31.9,43.2,24.4,27.3,25.0,75.0,70,81,78,7,9,14,7,73,71,71,79,76
113,31,8,96,10,65,928,70,958,69,913,66,944,69,956,69,912,21,855,13,502,37.06,34.1,39.0,30.1,34.3,28.1,31.9,44.0,38.5,93,81,95,13,10,12,8,64,66,66,74,68
114,7,6,45,12,98,417,98,418,99,540,98,417,100,424,100,544,13,163,8,94,23.4,26.7,13.6,22.2,21.2,22.5,12.5,57.1,25.0,64,67,67,24,19,20,15,74,83,75,80,71
115,66,9,98,8,51,914,80,1376,84,1282,51,920,53,910,62,942,20,972,18,713,83.39,89.8,80.6,83.3,83.7,81.3,86.2,80.4,80.4,99,96,95,3,2,5,5,93,94,94,95,96
116,18,6,72,9,73,901,75,894,86,959,73,902,75,894,80,893,11,427,8,277,34.71,27.4,28.7,24.7,20.0,19.6,38.1,20.0,46.2,83,89,47,14,14,14,9,70,81,81,86,80
117,25,6,89,12,100,1453,100,1408,100,1352,100,1453,100,1408,100,1352,19,757,12,433,41.79,37.6,40.0,29.8,32.1,25.4,27.3,32.8,44.2,90,90,78,13,10,10,9,72,76,74,76,69
118,69,14,97,14,75,321,77,321,77,320,75,321,71,297,71,297,21,265,17,199,73.08,69.2,66.7,85.4,81.1,84.6,92.9,92.9,89.5,93,89,100,5,6,11,5,93,93,93,95,95
119,23,8,77,8,34,157,34,157,34,158,52,241,46,214,46,215,10,131,7,97,32.08,14.8,34.6,42.0,54.8,50.0,50.0,43.8,60.0,90,71,73,13,13,15,8,76,78,80,81,77
120,10,7,68,11,100,598,100,594,100,596,100,598,100,594,100,596,31,462,18,266,23.68,19.7,27.1,17.5,17.7,23.4,35.3,13.6,10.0,75,64,76,23,21,19,9,63,62,69,62,50
121,14,9,75,9,100,826,100,825,100,826,100,826,100,824,100,825,14,321,10,218,31.13,24.3,35.2,17.5,23.1,25.0,55.6,31.6,31.6,71,71,75,15,17,12,11,69,70,72,72,67
122,,,,,,,,,,,,,,,,,,,,,,,,,,,,,,,,,,,,,,,,,
123,14,6,87,7,99,1079,98,1068,99,1075,100,1088,99,1077,99,1075,26,664,18,446,28.75,33.3,26.7,24.4,19.5,19.0,20.0,11.1,17.4,79,70,81,15,15,20,13,70,79,79,78,67
124,9,4,68,9,100,890,100,890,100,890,100,890,100,890,100,890,17,351,11,217,23.81,19.0,19.6,22.4,16.7,28.1,50.0,30.0,14.3,81,72,67,14,12,18,12,69,72,69,69,63
125,20,9,85,12,79,845,75,782,74,763,79,845,75,782,74,763,22,651,14,404,37.21,34.5,33.9,24.6,24.6,18.0,35.7,47.1,31.0,85,74,70,12,12,10,8,65,71,69,73,67
126,8,18,66,27,100,251,100,189,100,41,100,251,100,189,100,41,20,107,15,52,41.18,33.3,33.3,15.0,6.3,7.1,,,,,60,,18,12,11,13,44,39,41,43,
127,16,7,80,12,100,985,92,914,92,913,100,985,92,914,92,913,20,476,14,341,54.37,40.5,43.0,31.5,30.2,34.4,29.4,72.7,18.2,82,64,61,10,13,11,11,67,70,76,77,57
128,5,3,59,10,100,1043,100,1044,100,1044,100,1043,100,1044,100,1044,15,439,11,324,25.64,22.9,27.0,23.2,17.9,17.6,25.0,30.8,21.9,88,68,39,17,18,14,11,73,76,76,78,51
129,70,10,96,11,31,273,30,265,34,293,31,273,30,265,30,263,18,392,16,353,87.69,83.3,84.1,82.7,68.0,71.1,88.9,,60.0,100,93,100,5,4,6,2,75,76,76,74,60
130,60,7,96,9,2,16,1,4,1,8,12,91,0,0,0,0,15,267,12,209,86.49,70.4,69.4,71.4,64.0,69.0,80.0,83.3,66.7,100,100,90,4,2,2,7,59,50,57,79,63
131,28,7,89,14,93,734,100,755,100,709,100,790,100,755,100,709,18,380,13,258,56.67,49.0,53.2,48.2,48.4,34.7,60.9,71.9,43.5,95,81,95,12,9,10,7,78,83,80,78,73
132,68,20,100,15,18,50,18,50,20,55,18,50,20,56,20,55,16,83,12,64,83.33,33.3,83.3,,,,,,,,,,42,31,22,11,58,40,28,54,56
133,75,19,92,16,97,605,79,494,79,494,97,605,80,504,81,504,19,206,16,169,80.65,88.5,95.2,84.6,53.3,88.2,100.0,,,88,100,100,4,4,0,4,90,84,93,86,89
134,34,13,93,12,100,449,100,449,100,449,100,449,100,449,100,449,18,226,14,173,37.21,35.6,51.2,25.0,26.7,36.4,28.6,25.0,9.1,82,100,85,11,15,10,12,74,73,75,75,64
135,18,12,83,11,92,511,92,511,92,510,92,511,92,511,92,510,21,267,14,178,38.3,21.4,25.0,25.0,25.0,42.9,14.3,83.3,,50,100,80,13,10,13,9,69,66,58,71,54
136,41,9,97,16,11,87,4,32,2,12,10,77,3,21,3,21,21,448,15,305,66.13,63.3,51.1,44.8,36.0,35.1,45.5,57.1,20.0,88,86,93,6,11,7,5,69,68,74,77,72
137,13,6,69,9,79,431,79,433,78,423,79,431,79,433,78,426,26,444,15,259,36.5,37.1,52.3,40.9,38.9,23.9,17.9,59.3,18.8,95,72,81,10,9,13,10,76,75,68,80,76
138,5,6,69,10,99,249,99,249,99,250,99,249,99,249,99,250,21,159,14,111,27.03,36.1,41.4,21.2,18.2,19.2,30.8,30.0,40.0,85,83,43,25,20,20,15,69,63,64,69,57
139,14,12,81,8,100,660,100,661,100,558,100,660,100,661,100,558,21,350,15,257,35.09,33.3,36.4,26.0,29.4,17.5,27.3,27.3,17.6,79,82,74,10,14,12,7,66,72,75,78,65
140,13,4,86,8,91,979,91,983,91,904,91,979,91,983,91,900,13,392,10,272,23.66,22.0,31.9,25.6,21.5,18.2,37.0,45.5,50.0,82,94,67,15,12,12,9,73,77,80,81,71
141,11,9,54,10,99,335,99,341,99,357,99,335,99,341,99,357,18,173,11,106,23.53,21.2,19.4,19.1,12.5,28.2,27.3,7.7,12.5,71,83,60,18,23,21,9,67,68,65,71,52
142,30,14,90,17,100,1299,100,1299,100,1299,100,1294,100,1299,100,1299,19,508,14,359,30.95,29.2,33.8,22.0,23.9,21.7,45.5,26.3,64.0,81,86,71,10,12,10,10,77,78,82,81,69
143,58,15,100,12,0,0,0,0,19,119,19,115,19,115,18,113,19,263,18,239,94.59,81.0,80.5,87.8,94.7,86.7,,100.0,,100,88,100,4,4,4,2,88,90,91,90,95
144,29,9,91,10,100,955,100,918,100,913,100,955,100,918,100,913,25,524,17,343,38.18,26.3,35.4,22.0,24.5,26.6,48.5,45.5,41.7,94,79,78,17,17,16,12,83,85,89,89,86
145,14,7,81,10,66,425,57,367,89,578,65,417,56,359,55,357,23,398,15,255,38.04,37.2,34.4,25.5,31.3,35.8,55.2,55.0,50.0,90,74,69,14,12,14,10,82,81,88,87,83
146,30,8,83,2,33,216,94,619,100,643,14,92,94,621,94,603,22,417,13,229,38.75,37.0,47.2,40.3,36.8,26.7,23.5,50.0,63.3,93,88,86,14,14,11,9,65,69,67,71,60
147,22,8,97,9,96,1023,90,950,80,830,96,1023,90,950,98,1022,19,448,17,380,46.51,36.3,35.7,29.2,26.2,29.2,48.6,30.0,38.9,74,75,63,12,12,14,9,71,69,67,73,62
148,68,9,97,10,4,41,4,41,4,41,51,481,51,481,51,473,21,513,17,415,91.09,89.9,94.7,80.4,80.3,82.8,81.8,95.5,81.3,97,100,89,3,4,3,3,93,90,92,91,95
149,48,12,97,16,1,4,1,4,1,4,52,232,47,194,42,155,17,156,17,129,76,81.0,73.7,84.0,89.7,87.5,82.4,66.7,90.0,100,100,89,8,9,7,7,91,93,96,96,98
150,14,7,86,16,100,680,100,680,100,680,99,676,99,676,99,676,17,317,14,251,41.3,43.0,36.0,32.6,25.9,21.4,23.8,19.1,55.6,80,56,81,11,13,12,9,72,72,74,77,55
151,74,13,98,10,27,304,45,511,45,492,34,387,34,386,35,383,20,692,15,522,81.32,81.8,83.6,78.2,81.4,76.8,97.7,75.0,73.9,98,96,97,2,4,5,4,94,93,95,95,96
152,43,14,100,25,27,80,84,248,76,227,0,0,83,245,83,249,15,125,10,85,37.14,30.6,53.1,46.2,42.4,29.8,66.7,33.3,50.0,92,78,86,9,8,8,10,84,89,88,88,79
153,48,8,93,10,0,0,0,0,20,240,0,0,0,0,0,0,20,793,14,562,45.31,63.8,61.2,57.4,64.7,59.4,58.1,54.6,35.1,97,97,96,6,5,8,5,74,73,75,80,79
154,41,7,96,9,66,750,66,750,66,752,66,750,66,750,66,752,20,604,15,440,60.98,51.8,46.4,45.7,50.6,48.9,44.4,40.7,50.0,94,100,97,8,9,8,7,75,82,81,84,83
155,41,9,91,11,90,897,90,886,90,867,90,897,90,886,90,867,16,449,13,357,39.36,42.0,50.0,30.3,32.4,30.6,33.3,29.4,38.5,100,83,83,10,9,9,7,69,69,66,76,76
156,28,12,88,16,44,533,82,959,86,949,65,788,93,1089,93,1025,25,872,14,460,44.62,41.9,33.3,35.7,28.1,20.1,35.0,29.0,40.5,92,86,82,10,11,12,5,71,72,78,79,76
157,11,3,70,18,100,288,100,391,100,459,100,288,100,391,100,459,46,568,24,421,24.32,17.6,20.9,23.6,16.0,15.4,33.3,18.2,28.6,73,63,35,26,30,26,19,51,62,62,64,62
158,15,5,88,9,85,1096,85,1098,86,1094,86,1113,97,1252,97,1231,25,908,17,598,30.16,28.2,34.6,31.5,24.4,22.9,19.4,20.5,30.0,88,84,76,14,13,14,7,67,69,71,74,70
159,7,6,67,12,100,389,100,381,100,374,100,389,100,381,100,374,27,290,16,163,35.29,22.7,26.2,20.0,15.2,12.2,,35.3,28.6,89,91,56,17,26,12,10,55,70,66,71,56
160,9,6,82,8,86,948,82,911,84,932,86,948,82,911,82,912,19,560,14,406,27.2,23.6,21.7,17.0,16.5,14.0,26.9,15.4,32.4,81,81,74,17,17,19,15,69,76,72,76,66
161,47,13,95,10,0,4,2,28,3,31,21,237,21,233,21,233,22,580,15,405,45.83,35.6,37.2,39.1,33.8,22.7,33.3,36.8,66.7,100,77,71,9,8,10,8,76,82,81,85,82
162,18,8,90,9,100,696,100,700,100,701,100,696,100,700,100,701,23,438,15,286,28.4,45.8,42.7,26.3,25.0,26.9,26.7,22.2,50.0,95,79,61,11,8,9,6,61,58,64,65,48
163,54,7,91,8,100,543,100,539,100,538,100,543,100,539,100,538,17,152,14,123,45.45,45.8,35.0,42.4,34.5,56.3,20.0,,,63,86,50,25,26,18,16,71,75,78,79,77
164,7,4,46,7,94,1637,94,1708,100,1814,97,1697,97,1768,97,1776,11,527,8,378,24.41,21.2,14.5,14.8,19.2,22.3,28.0,30.8,28.1,63,64,67,12,12,11,10,81,82,81,81,61
165,11,7,62,13,100,911,100,911,100,914,100,911,100,911,100,914,19,459,13,312,30.7,22.2,26.8,20.8,16.5,20.9,36.8,34.5,33.3,85,70,79,14,12,15,10,74,76,78,80,73
166,10,9,84,23,100,538,100,538,100,538,100,538,100,538,100,538,28,351,17,216,33.33,36.1,19.0,29.7,20.0,14.8,22.2,,44.4,100,87,77,14,9,16,11,65,60,72,64,51
167,11,9,82,15,100,361,100,361,100,361,100,361,100,361,100,361,30,239,18,144,50,37.5,35.7,55.6,25.0,25.0,20.0,28.6,,92,,71,5,10,16,16,72,76,71,67,64
168,24,11,76,13,100,633,100,633,100,633,100,633,100,633,100,633,18,280,15,232,35,34.2,26.8,27.7,27.7,27.3,25.0,33.3,33.3,76,80,60,20,19,13,12,62,66,74,70,40
169,67,7,100,7,77,606,63,494,68,518,79,624,77,605,77,588,20,432,14,304,75.71,78.5,77.5,77.9,80.7,78.7,79.0,77.3,70.6,97,100,100,5,4,4,4,90,92,94,93,96
170,66,12,96,15,97,614,57,360,65,408,100,632,99,621,99,621,18,332,14,262,79,79.5,75.6,73.7,75.3,77.3,86.7,88.2,80.0,100,100,96,2,5,4,3,96,96,98,97,98
171,48,12,91,10,100,398,99,397,99,398,100,398,30,122,31,123,20,176,15,136,72.41,72.4,65.5,85.7,86.7,66.7,75.0,,80.0,,100,,8,5,2,5,85,90,91,95,89
172,73,8,97,9,1,16,2,25,2,16,12,141,13,144,13,141,24,738,15,448,89,86.6,85.6,87.4,89.2,87.7,80.0,75.0,77.5,100,100,94,3,3,3,2,94,96,96,97,98
173,8,8,90,12,98,393,98,384,100,378,98,393,98,384,98,373,21,237,14,148,25,20.9,22.4,32.1,26.0,12.0,37.5,12.5,53.8,84,67,92,18,14,17,8,75,80,73,78,67
174,22,9,77,5,25,156,25,156,25,158,34,216,34,216,35,218,18,303,11,182,47.22,50.8,42.6,31.9,41.1,37.1,32.0,48.0,58.8,82,79,80,4,6,8,8,44,41,44,74,47
175,66,8,99,9,1,5,0,1,0,1,1,5,0,0,0,0,23,412,19,344,88.37,84.2,78.8,79.6,84.4,68.8,80.0,87.5,83.3,100,92,93,3,5,5,4,85,82,84,87,85
176,66,10,99,10,93,1081,98,1139,94,1094,78,911,76,885,76,885,22,653,18,549,78.42,90.3,77.3,86.7,84.6,90.5,91.5,84.0,81.3,93,96,95,3,5,4,5,95,94,94,96,95
177,50,11,97,10,1,5,1,5,1,5,1,5,1,5,1,5,16,307,15,270,76.74,82.9,80.0,87.1,83.8,75.6,70.0,,,89,100,100,2,4,7,3,92,90,94,91,90
178,80,11,97,11,57,675,66,675,66,675,57,675,66,675,66,675,11,262,11,229,45.45,47.6,59.1,20.0,18.2,23.5,,,,43,,,14,11,12,7,46,55,51,60,55
179,69,13,99,13,50,333,50,331,75,498,67,446,37,244,36,241,23,365,18,287,90.48,79.5,83.3,79.6,69.1,79.5,100.0,70.0,50.0,100,100,93,3,7,4,6,80,80,79,78,75
180,23,10,88,12,100,504,100,483,100,465,100,504,100,483,100,465,18,267,14,181,30.14,29.1,40.0,15.4,15.4,14.9,10.0,50.0,33.3,83,83,85,13,20,12,10,79,83,85,87,69
181,60,7,98,9,65,814,56,698,63,770,65,814,23,288,22,271,22,618,18,506,70.91,79.1,80.0,76.2,75.4,68.3,94.1,53.3,72.7,100,94,100,6,5,8,4,86,85,84,86,86
182,11,7,72,12,100,268,100,268,100,268,100,268,100,268,100,268,27,209,16,128,19.35,28.6,11.5,15.0,8.0,13.3,9.1,14.3,7.1,64,88,70,24,24,24,10,72,82,69,74,64
183,18,13,97,24,100,351,100,352,100,348,100,351,100,351,100,347,22,189,15,127,41.67,35.0,47.2,17.4,19.1,10.3,,28.6,28.6,60,,60,9,9,11,11,61,63,72,85,62
184,63,8,98,11,83,574,83,573,98,850,98,674,97,668,97,845,22,298,18,248,73.08,73.1,62.1,57.9,52.4,60.0,57.1,,,,,,1,2,2,5,21,16,13,21,29
185,33,8,74,8,100,1366,100,1368,100,1368,51,694,100,1368,100,1368,12,347,9,260,29.67,21.4,25.6,18.6,21.4,20.0,32.0,34.8,54.8,74,90,48,13,16,15,16,77,82,82,83,67
186,31,9,92,12,100,826,100,824,100,824,100,827,98,809,98,807,20,497,14,334,41.38,38.5,43.4,32.7,28.7,29.0,45.2,37.1,28.1,85,82,74,11,12,15,11,78,77,80,81,70
187,70,13,100,7,100,405,100,405,99,401,100,405,100,405,100,405,16,162,12,116,63.89,82.1,65.9,79.6,75.0,73.0,100.0,72.7,88.9,100,100,100,5,1,6,4,94,92,95,93,96
188,67,6,99,10,92,673,93,673,95,674,94,684,94,683,96,684,19,325,13,212,78.38,67.9,74.6,68.3,77.4,64.4,73.7,68.2,54.5,94,88,100,4,6,5,5,93,94,92,95,97
189,76,13,100,3,0,0,0,0,0,0,0,0,0,0,0,0,17,176,11,109,66.67,63.6,69.7,61.0,57.1,65.7,87.5,100.0,57.1,90,100,82,8,5,7,6,92,93,96,96,96
190,11,16,83,46,65,247,65,247,65,250,65,247,65,247,65,250,18,191,13,130,36.17,23.7,22.7,30.6,16.3,15.4,10.0,30.0,25.0,90,50,73,16,18,12,10,68,69,68,67,62
191,47,11,98,7,61,575,7,67,7,67,61,575,7,67,7,67,15,363,13,308,50,53.5,49.4,55.0,52.1,53.2,40.9,64.0,62.5,94,92,97,11,7,9,6,79,81,84,85,79
192,26,7,86,13,84,800,91,823,98,830,84,800,91,823,91,775,23,541,13,295,54.76,46.5,55.9,56.1,50.8,30.8,41.4,56.3,23.1,85,89,73,9,10,7,6,61,64,69,77,70
193,64,1,98,3,97,550,97,550,98,559,97,550,79,448,79,450,22,290,18,240,77.5,77.6,70.6,58.6,62.5,64.3,64.3,53.9,36.4,100,88,92,6,6,7,5,87,80,78,82,78
194,80,8,100,10,43,435,43,436,47,469,43,436,0,0,0,0,21,631,16,489,84.03,86.0,81.3,86.3,86.4,79.5,88.0,94.3,91.9,100,98,100,5,6,6,3,95,96,96,96,98
195,56,9,96,8,6,48,6,48,6,53,14,119,14,118,14,123,20,406,12,251,43.24,51.3,51.6,52.0,51.7,47.0,53.3,32.1,45.5,100,100,95,8,9,8,8,82,85,89,93,92
196,31,12,85,17,87,630,81,580,84,603,87,630,81,581,81,582,19,406,11,235,42.53,33.8,38.1,32.8,26.2,23.3,14.3,36.0,28.1,72,80,81,15,12,16,9,69,72,76,79,72
197,18,6,74,12,100,993,100,993,100,992,100,993,100,993,100,992,21,541,14,356,46.88,35.4,33.7,26.0,25.3,29.4,19.2,38.9,35.0,73,71,59,12,13,9,7,70,67,72,72,51
198,61,17,97,13,16,127,16,127,8,52,23,190,24,191,17,118,18,290,14,223,59.09,57.8,69.4,74.4,57.6,52.8,44.4,71.4,63.6,93,100,83,13,9,16,16,88,89,88,89,85
199,13,10,77,11,99,1281,99,1238,99,1233,99,1281,99,1239,99,1233,17,544,11,309,21.47,22.3,28.0,17.9,18.5,18.7,28.2,25.0,25.0,74,87,72,21,19,19,13,72,74,77,78,72
200,13,12,91,20,100,240,100,235,100,235,100,240,100,235,100,235,33,199,27,152,20.93,20.0,11.1,30.8,25.0,4.5,33.3,,28.6,100,100,100,17,15,14,10,62,76,74,74,49
201,66,10,98,11,54,627,59,676,58,667,61,710,49,562,49,561,18,538,16,452,67.24,71.9,78.9,83.8,82.8,70.5,64.7,100.0,87.5,100,100,95,5,6,6,2,90,86,92,92,97
202,12,7,85,10,100,714,100,714,100,713,100,714,100,714,100,713,22,516,14,327,31.47,35.4,37.9,20.7,26.7,26.1,21.6,12.0,17.9,83,59,56,13,10,14,12,85,87,81,83,83
203,42,12,90,9,0,1,0,0,0,0,0,1,0,0,0,0,18,332,12,215,50.7,46.0,46.9,42.9,37.7,39.7,38.9,38.9,50.0,88,94,77,7,9,9,8,49,50,52,77,52
204,58,6,98,16,50,306,54,333,54,332,42,259,46,286,46,285,20,273,14,198,76,76.2,84.4,77.6,83.7,74.5,93.8,50.0,90.0,100,100,100,4,3,3,4,96,96,97,99,96
205,84,13,96,13,39,120,39,119,40,124,8,24,0,0,0,0,20,193,16,154,90.48,94.4,95.8,100.0,100.0,92.6,87.5,100.0,100.0,100,80,100,3,4,3,2,97,99,99,98,97
206,62,9,100,14,40,225,40,225,99,562,30,168,0,0,0,0,25,337,17,225,83.33,83.3,88.5,77.1,82.9,78.7,93.8,100.0,86.7,100,92,93,3,5,4,3,97,94,93,91,92
207,55,16,95,15,84,1266,99,1035,99,979,84,1266,99,1035,99,979,11,270,10,203,61.54,45.5,50.0,38.5,58.3,40.0,22.2,60.0,20.0,90,,86,12,4,11,10,64,63,65,73,77
208,86,8,100,9,36,262,35,252,56,405,36,262,11,82,12,83,21,398,15,303,88.46,87.7,90.6,92.3,89.8,91.3,77.8,77.8,71.4,100,100,100,2,1,1,3,92,92,92,96,91
209,45,11,96,13,85,977,80,859,80,835,85,978,80,859,80,835,16,517,11,324,42.64,40.9,41.9,38.4,35.7,36.5,29.0,32.4,29.3,86,92,82,11,12,12,8,62,61,63,70,71
210,73,13,98,15,8,97,0,0,71,906,17,211,9,114,0,0,20,373,15,284,52.38,62.5,42.9,70.6,50.0,12.5,60.0,66.7,,83,,80,10,5,4,8,85,74,76,88,94
211,40,12,90,8,39,340,39,331,39,330,39,340,39,331,39,330,19,479,12,298,42.2,41.0,41.8,43.3,36.1,41.7,29.3,35.3,32.5,87,84,74,9,9,7,6,59,60,60,64,62
212,10,10,61,9,100,497,100,497,100,497,100,497,100,497,100,497,11,146,9,126,20,14.3,16.3,12.7,11.4,20.0,42.9,28.6,18.2,64,78,67,15,17,17,10,74,79,74,82,76
213,70,17,100,16,97,612,56,348,99,622,97,612,56,348,55,347,18,289,15,239,84.62,81.4,76.3,89.5,77.5,80.0,71.4,92.9,62.5,83,93,100,5,5,5,7,86,84,85,88,83
215,80,6,98,9,0,0,0,0,83,270,0,0,0,0,0,0,18,159,16,135,87.5,100.0,92.3,94.4,93.8,84.2,66.7,,,100,89,100,1,5,1,2,84,85,84,81,86
216,92,5,100,10,98,353,98,356,98,354,98,353,86,311,85,307,18,143,15,125,95.24,66.7,86.7,66.7,80.0,80.0,100.0,100.0,,,100,,4,2,7,3,77,84,85,90,77
217,81,8,100,8,20,101,20,100,50,248,20,101,0,1,0,1,19,245,15,185,86.21,83.3,88.2,90.3,95.8,96.0,83.3,80.0,,100,100,100,5,3,8,6,92,90,92,95,92
218,39,8,99,9,82,1000,82,1000,88,1077,90,1109,90,1108,90,1108,20,542,17,455,51.47,46.9,51.7,41.5,44.3,54.8,50.0,77.8,33.3,100,92,92,7,10,6,6,78,77,79,82,86
219,42,11,93,16,4,31,4,31,4,31,4,31,4,31,4,31,12,231,11,200,23.81,27.3,57.1,31.0,31.6,30.0,,,14.3,100,90,55,12,13,21,18,72,69,62,71,67
220,9,4,72,8,99,654,95,627,99,654,95,626,97,642,97,642,19,332,12,207,39.39,36.5,43.9,39.6,23.8,24.3,45.0,68.8,71.4,94,78,77,21,17,15,13,75,77,76,78,69
221,44,10,94,15,100,1024,100,998,99,991,100,1024,100,998,100,999,20,463,14,328,46.3,54.3,51.9,42.3,35.9,34.0,58.3,20.0,26.7,93,80,86,13,8,10,9,58,51,50,59,56
222,63,7,98,8,6,42,6,42,7,44,0,0,0,0,0,0,20,321,19,303,85.71,75.0,76.5,90.0,76.9,68.8,,,,,100,100,8,8,5,5,67,71,69,65,76
223,14,9,90,11,100,675,100,675,100,678,100,675,100,675,100,678,19,367,14,272,37.68,37.7,25.0,28.8,20.9,16.9,26.7,50.0,53.8,96,67,84,20,14,14,11,62,69,70,65,35
224,46,14,98,16,99,1062,99,1062,99,1062,99,1062,99,1062,99,1062,20,480,17,411,58.46,56.3,54.0,55.1,55.0,53.7,63.6,70.6,69.2,84,90,89,11,12,9,9,90,91,90,96,93
225,50,12,96,1,0,0,0,0,75,405,19,105,75,405,75,405,16,214,9,126,54.35,45.9,51.3,45.0,56.1,52.5,66.7,33.3,30.0,88,88,86,15,10,8,13,83,93,90,90,91
226,49,13,96,11,29,139,40,191,86,412,30,144,30,144,76,364,17,145,14,120,57.14,76.9,56.3,64.3,53.9,21.4,,,,100,,91,11,9,13,11,75,79,77,76,71
227,41,13,95,14,100,840,100,838,100,837,100,840,100,838,100,837,18,454,13,318,45.19,49.0,47.3,30.1,30.8,34.2,35.7,45.8,40.0,87,91,80,9,10,9,6,77,74,74,77,72
228,31,13,98,12,12,22,12,22,1,1,13,23,13,23,13,23,22,120,13,68,32,50.0,48.4,39.1,48.0,39.3,28.6,40.0,38.5,100,,62,7,13,8,4,77,77,83,84,88
229,15,7,81,8,66,509,62,437,68,406,55,423,77,539,75,449,26,561,18,324,31.85,44.6,40.6,25.2,25.0,21.4,11.1,47.6,33.3,87,68,68,16,13,16,10,75,82,86,90,76
230,62,8,80,9,99,1216,98,1213,98,960,99,1216,98,1213,98,960,12,289,12,239,31.25,17.5,12.9,12.5,13.6,27.5,,10.0,27.3,,67,63,14,16,12,14,68,74,72,77,70
231,37,7,95,9,21,231,17,122,11,77,21,232,28,201,26,189,14,383,13,243,48.81,51.6,55.6,45.5,37.1,34.7,42.9,65.0,43.8,96,100,100,5,4,3,4,86,93,92,90,90
232,47,6,86,7,81,763,68,632,67,625,79,739,68,632,67,625,18,448,11,291,53.85,50.0,49.6,36.6,37.3,35.2,22.7,20.0,54.5,96,82,80,11,8,7,7,84,84,85,85,78
233,60,9,97,9,75,844,100,1127,100,1127,82,922,50,559,50,559,19,483,15,385,62.16,66.7,67.6,60.7,81.8,80.6,61.5,88.9,90.0,92,95,90,5,6,6,3,90,92,89,91,90
234,22,5,74,8,60,552,60,557,59,539,60,552,60,557,60,541,25,652,16,417,33.01,27.1,40.2,29.9,29.4,36.2,35.4,33.3,42.2,81,86,83,11,7,9,9,70,74,73,72,69
235,74,9,100,10,81,731,81,730,96,866,96,867,96,866,96,866,21,439,16,335,70.31,69.2,85.2,86.7,71.4,65.4,75.0,,85.7,92,75,91,4,4,5,4,72,72,71,75,72
236,80,9,98,7,0,0,0,0,73,324,73,331,73,326,73,324,17,184,15,157,94.74,92.9,100.0,91.7,90.0,71.4,80.0,,,100,100,100,5,5,3,4,68,73,73,83,83
237,15,6,77,10,74,738,82,803,84,792,73,723,82,810,82,774,17,451,11,277,42.06,43.1,33.7,23.2,25.0,21.9,28.1,33.3,42.3,88,79,83,13,14,16,14,75,73,76,78,60
238,23,8,86,7,92,810,90,795,75,663,90,796,90,795,90,793,20,470,14,328,38.83,38.6,32.0,26.3,22.4,27.2,26.5,14.3,33.3,88,80,84,14,15,18,14,69,69,67,74,64
240,36,9,98,13,88,781,88,783,88,782,88,781,88,783,88,782,20,332,18,295,50,59.1,35.3,38.9,43.8,32.0,,37.5,,86,,50,10,19,16,13,74,66,64,62,79
241,76,12,95,13,0,0,0,0,26,193,0,0,0,0,0,0,23,440,19,356,75,86.1,75.7,81.1,80.0,82.5,66.7,77.8,83.3,100,100,92,4,4,7,3,90,89,89,89,89
242,30,11,88,11,100,497,100,492,100,491,100,497,100,492,100,491,19,303,12,188,41.89,58.3,54.5,38.3,26.1,34.8,45.8,36.8,32.0,80,90,83,8,11,10,6,70,71,75,79,76
243,0,55,73,84,30,14,30,14,32,15,30,14,30,14,32,15,7,9,16,20,,,,,,,,,,,,,21,25,29,0,82,100,100,100,100
244,25,8,86,11,71,495,100,690,100,691,74,512,100,691,100,691,21,403,13,259,44,47.2,52.6,28.4,24.7,32.9,36.8,11.8,45.5,96,95,92,8,10,10,7,74,75,75,74,76
245,20,12,90,20,62,401,62,401,100,646,52,334,52,334,52,334,35,501,23,322,46.51,38.5,32.5,23.3,30.0,26.3,22.2,20.0,18.2,88,80,67,17,19,20,16,73,80,67,73,76
246,42,15,92,17,100,1202,100,1202,100,1206,100,1203,100,1203,100,1203,27,637,20,476,44.58,31.1,37.9,20.0,16.7,16.0,30.8,38.5,30.8,80,74,86,10,9,11,12,76,80,77,79,74
247,17,17,44,16,100,453,100,454,100,454,100,453,100,454,100,454,15,166,12,139,29.17,25.0,34.0,11.1,18.2,14.3,33.3,20.0,18.2,,100,44,18,16,13,11,70,75,84,84,58
248,9,7,76,16,5,42,5,38,100,836,100,836,100,836,100,836,24,434,16,289,27.54,24.5,29.2,20.4,17.1,26.2,22.2,44.4,27.3,90,79,83,16,9,16,9,81,83,78,85,79
249,2,3,55,19,100,531,100,531,100,531,100,531,100,531,100,531,10,167,7,120,35.23,25.0,21.2,22.2,23.4,25.0,30.8,33.3,14.3,73,55,44,14,10,10,10,76,81,86,89,69
250,39,11,96,9,49,328,44,296,44,297,49,328,20,134,20,134,15,252,11,183,57.81,53.4,52.8,34.0,38.2,31.1,11.1,25.0,66.7,95,100,100,8,10,8,5,77,75,81,84,81
251,59,11,100,8,97,647,97,625,97,586,97,647,97,625,97,586,17,301,12,201,44.74,43.4,45.9,37.4,42.9,47.9,56.3,42.1,26.7,94,89,95,6,4,3,5,79,80,79,80,83
252,47,8,98,4,20,70,20,69,20,69,20,70,20,69,20,69,20,207,14,143,57.14,53.8,60.7,58.8,47.4,56.5,57.1,71.4,16.7,100,85,100,10,5,3,4,70,79,84,86,86
253,62,10,97,15,3,27,2,14,2,14,12,107,11,94,11,94,21,426,18,366,78.87,85.5,86.0,77.5,95.2,80.0,78.3,91.7,90.0,100,88,91,3,4,5,5,90,89,88,87,84
254,68,27,100,21,92,303,95,314,100,329,95,312,95,312,95,312,17,91,12,66,11.11,40.0,50.0,37.5,,66.7,,,,,,,15,17,10,4,67,67,75,75,79
255,67,10,96,10,20,252,18,225,48,586,29,358,25,304,25,302,20,580,16,468,77.67,80.0,88.5,81.0,83.3,81.6,65.5,78.6,88.0,100,100,100,4,2,3,4,94,93,96,96,96
256,53,8,86,6,6,72,6,66,8,82,8,89,6,66,6,58,13,396,11,297,84.21,75.5,72.5,66.7,60.8,64.2,50.0,75.0,61.5,91,100,100,3,4,2,3,62,50,53,83,62
257,61,10,99,11,51,751,42,598,46,580,94,1369,94,1336,93,1164,17,625,13,431,74.03,67.8,64.1,63.9,70.9,61.8,64.3,66.7,73.7,95,98,90,6,6,7,6,93,94,96,96,97
258,15,7,71,11,93,939,93,940,93,940,93,939,93,940,93,940,16,503,11,319,18.6,25.6,26.4,30.2,26.6,23.4,45.2,36.8,36.0,82,85,79,13,13,12,10,66,66,64,70,62
259,29,17,92,17,100,979,100,981,100,979,96,942,96,944,96,944,21,517,12,308,44.58,33.3,33.7,27.2,21.1,25.6,37.9,24.1,48.0,95,79,80,14,10,11,9,62,62,68,74,73
260,24,6,78,7,99,1236,99,1235,99,1235,95,1186,93,1158,93,1159,19,699,12,457,45.83,36.1,41.3,25.3,23.6,17.0,27.8,35.1,27.5,74,78,84,12,17,17,10,69,68,68,72,69
261,39,8,96,8,47,405,53,452,63,546,47,405,47,401,47,402,16,374,13,313,60.61,67.2,55.4,58.1,51.4,48.0,61.9,61.9,56.0,90,86,100,8,11,8,9,87,88,86,88,88
262,69,7,99,8,9,107,13,163,13,162,9,107,13,163,13,162,19,613,16,517,93.33,75.5,78.6,79.4,79.1,77.4,82.6,94.7,100.0,92,95,92,4,5,8,7,89,86,89,88,89
263,64,11,98,11,38,396,32,328,32,304,39,413,26,269,28,266,21,544,18,469,84.85,86.8,83.1,83.3,75.5,68.8,77.8,90.0,61.5,100,86,86,4,4,6,6,88,88,89,89,89
264,52,14,99,14,78,753,78,737,96,880,49,472,78,737,79,720,18,375,17,331,46.67,41.9,42.9,37.9,37.9,43.3,57.1,36.8,57.1,96,76,95,9,6,6,4,75,75,74,85,83
265,54,9,91,4,76,418,77,418,77,418,76,418,77,418,77,418,18,272,15,219,56.82,50.0,45.5,46.0,44.6,58.2,80.0,66.7,37.5,93,94,100,9,7,8,13,76,78,80,82,84
266,32,8,92,12,30,320,30,320,34,363,34,363,34,363,34,363,17,485,12,332,61.21,47.8,53.8,44.5,48.4,51.0,48.7,31.8,35.5,97,93,94,5,6,8,4,78,76,76,81,82
267,32,7,89,13,95,1520,97,1528,84,1241,96,1533,90,1424,92,1359,22,1006,15,672,54.79,56.6,57.1,51.9,54.1,55.0,59.7,65.0,63.9,92,90,91,4,6,4,5,59,58,64,88,65
268,22,8,85,7,100,696,100,696,100,695,100,696,100,696,100,695,20,364,15,256,50.88,44.0,38.6,19.7,27.8,28.8,45.5,45.0,57.9,81,83,84,15,16,17,10,71,78,74,76,65
269,62,10,100,14,28,340,28,339,63,757,1,12,1,10,1,10,21,579,18,492,86.36,70.8,69.0,76.9,86.4,71.4,83.3,81.3,69.2,100,100,95,9,5,8,6,88,85,87,89,94
270,24,17,76,16,0,0,0,0,100,598,100,598,100,598,100,598,23,325,17,237,28.77,30.9,30.6,29.7,25.0,21.6,40.0,7.7,20.0,78,65,61,8,8,13,13,82,82,83,86,82
271,10,6,89,11,100,448,100,448,100,448,100,448,100,448,100,448,24,290,16,192,10.53,14.9,17.1,25.7,24.3,17.1,20.0,28.6,16.7,89,82,85,17,15,15,10,71,70,69,70,35
272,29,9,88,8,72,560,72,560,72,560,72,560,0,0,0,0,21,305,16,239,31.58,41.4,35.0,24.1,20.8,25.9,30.0,42.9,14.3,86,86,77,14,13,17,11,71,75,73,83,80
273,54,13,93,7,0,3,98,679,98,669,0,3,98,679,98,669,15,277,10,174,51.85,51.0,53.4,34.2,36.0,32.5,29.4,46.2,44.4,100,100,83,7,5,9,7,61,55,63,68,69
274,43,17,100,25,100,554,100,554,100,554,100,554,100,554,100,554,16,164,15,152,40,29.2,44.8,37.0,46.2,41.4,,57.1,40.0,100,,,12,8,9,9,85,84,82,86,91
275,55,12,100,7,81,728,81,728,82,732,61,547,85,758,85,758,17,365,14,290,50,50.0,50.0,41.5,46.4,45.8,75.0,46.7,56.3,100,96,92,8,11,7,9,76,82,76,81,79
276,50,11,99,12,2,10,1,10,1,10,31,208,31,208,31,208,19,365,14,284,69.64,55.9,58.1,40.0,38.7,42.5,15.8,45.5,28.0,87,87,89,6,9,7,6,80,79,79,82,83
277,46,12,94,12,59,395,63,378,84,449,72,479,72,431,70,371,17,298,12,180,44.87,41.2,51.9,35.9,44.3,36.5,22.2,45.5,80.0,86,94,100,5,4,8,7,81,84,85,86,79
278,49,11,96,4,100,852,100,852,100,841,100,852,100,852,100,841,16,260,14,225,41.18,38.2,42.9,36.2,41.5,36.7,50.0,20.0,50.0,93,90,85,5,8,7,8,82,87,87,85,83
279,42,10,97,15,71,619,71,619,86,746,71,619,71,619,71,619,16,245,14,212,52.63,63.2,27.3,23.5,11.8,26.7,,50.0,50.0,,80,100,4,6,12,10,72,81,87,94,87
280,6,5,68,11,0,2,4,14,4,16,0,2,4,14,4,15,19,244,12,147,31.58,32.5,26.9,26.9,20.5,22.7,14.3,25.0,13.3,73,91,68,14,17,14,13,78,82,86,87,73
281,30,7,95,23,100,481,100,481,100,460,100,481,100,481,100,460,17,185,12,127,41.18,28.6,31.0,30.4,22.9,16.0,12.5,31.6,33.3,85,100,94,16,11,9,8,81,86,89,95,87
282,38,13,99,5,95,480,97,484,98,473,95,480,97,484,96,466,15,223,12,162,52.94,42.0,38.5,33.3,33.8,33.3,54.2,32.3,31.6,96,89,100,9,10,11,6,79,82,82,83,73
283,23,6,87,4,95,997,82,862,100,1055,95,997,82,862,82,867,20,541,12,316,44.71,45.5,43.5,38.8,32.2,37.0,57.9,47.1,42.9,89,89,87,16,12,11,9,71,71,71,75,68
284,77,15,95,11,0,0,1,2,1,2,1,2,1,4,1,4,14,131,11,106,92.68,90.9,90.5,86.4,92.5,92.7,89.5,90.5,95.5,100,100,91,4,5,3,1,95,94,94,95,97
285,,,,,0,0,0,0,0,0,0,0,0,0,0,0,,,,,,,,,,,,,,,,,,,,,,,,,
286,6,7,72,16,0,0,0,0,0,0,0,0,0,0,0,0,33,63,30,57,47.37,43.3,33.3,27.3,27.6,45.8,,80.0,,83,71,,8,12,10,6,74,81,78,83,69
287,47,11,97,11,72,887,72,884,53,619,72,887,62,759,64,759,28,662,21,482,63.86,59.6,58.6,44.2,38.0,42.9,38.5,56.3,61.9,78,88,91,8,10,10,9,93,92,94,93,92
288,55,8,93,7,85,845,85,829,76,742,85,845,85,829,85,831,23,508,20,437,72.41,68.8,83.3,85.0,78.3,82.5,76.9,92.3,71.4,100,100,100,1,1,5,2,75,74,74,77,77
289,47,8,95,12,65,837,64,826,64,821,73,943,69,887,69,884,20,736,14,508,58.01,56.6,57.7,51.6,50.0,52.4,61.3,61.3,66.7,85,93,88,6,8,8,5,64,62,63,87,63
290,10,5,56,11,100,416,98,406,95,221,100,414,97,404,95,220,18,173,25,134,35.71,24.4,28.1,45.0,20.5,32.0,44.4,14.3,33.3,78,67,,23,34,22,15,73,56,71,67,73
291,7,5,80,8,100,998,100,998,100,998,100,998,100,998,100,998,18,484,12,317,34.13,29.6,31.4,16.1,20.3,24.7,20.0,28.0,25.0,82,84,72,17,14,11,12,71,76,77,77,78
292,0,2,81,19,100,416,100,415,100,420,100,416,100,415,100,420,26,291,16,193,17.91,23.4,21.4,13.9,28.6,25.7,20.0,18.2,33.3,79,71,57,20,20,17,11,66,69,73,72,63
293,9,9,74,14,100,355,100,354,100,359,100,355,100,354,100,359,22,177,12,99,10.2,7.9,3.6,31.4,6.9,29.6,,,57.1,88,86,55,18,14,21,14,58,63,61,71,56
294,5,6,84,15,100,432,100,434,100,435,99,429,99,431,99,432,24,242,16,158,18.75,18.4,18.4,7.7,18.4,15.8,12.5,16.7,37.5,82,80,58,16,25,27,16,75,71,71,77,79
295,16,7,85,8,100,521,100,521,100,438,100,521,100,521,100,438,24,337,14,204,19.61,25.6,26.2,20.0,20.5,20.0,23.1,21.1,30.8,73,83,76,13,12,15,10,62,62,58,64,55
296,34,10,90,13,49,269,51,250,50,239,49,269,49,244,50,235,17,259,12,156,50.82,49.0,48.6,52.0,51.5,63.2,50.0,66.7,33.3,100,75,90,10,7,3,4,75,72,73,76,74
297,91,19,100,18,68,102,68,102,68,103,68,102,68,102,68,103,17,75,17,76,66.67,81.8,83.3,85.7,83.3,91.7,,,,,,,0,2,0,6,68,69,66,68,62
298,48,16,98,13,96,763,100,798,100,799,96,763,100,798,100,799,13,203,12,180,31.03,42.9,41.7,33.3,38.2,27.8,72.7,55.6,30.8,92,83,67,7,12,10,9,82,83,86,90,85
299,40,10,93,11,100,1165,81,926,99,1126,100,1165,83,955,84,951,20,600,14,417,50.52,50.0,48.3,29.1,21.6,27.0,36.0,57.1,46.2,86,89,75,10,10,9,10,59,63,66,72,70
300,16,11,90,20,20,113,99,569,20,116,20,113,99,569,19,111,13,141,13,142,22.73,20.0,16.7,30.8,17.7,15.8,,,14.3,83,83,,11,12,17,23,82,87,88,100,86
301,47,11,94,13,95,752,97,739,100,736,95,752,97,739,96,710,20,444,14,296,52.44,40.3,55.8,38.2,47.3,36.9,38.1,34.6,36.4,90,96,84,9,9,10,5,59,62,65,73,65
302,53,6,86,4,22,267,44,527,67,804,42,509,64,769,44,529,17,521,13,395,61.82,63.0,63.2,59.7,54.7,53.4,50.0,64.7,65.2,97,85,86,8,7,6,7,85,83,82,85,78
303,53,14,91,12,98,884,98,884,98,884,98,884,98,884,98,884,16,288,14,244,55.56,50.0,52.9,30.3,40.0,51.9,30.0,50.0,66.7,94,82,63,16,7,8,9,80,83,75,83,80
304,0,3,67,19,100,378,100,378,100,378,100,378,100,378,100,378,14,177,8,98,25.58,25.0,28.6,9.7,24.2,15.4,30.0,,9.1,91,,73,16,20,21,18,78,74,70,74,66
305,16,7,97,26,70,287,82,337,83,335,68,278,80,328,81,329,18,162,11,100,28.95,44.0,29.6,23.3,37.0,28.6,37.5,12.5,57.1,100,86,,6,8,10,12,74,65,69,70,56
306,5,9,61,11,100,355,100,359,100,433,100,355,100,359,100,433,13,179,9,90,17.31,15.3,12.5,8.6,,,,9.1,,78,20,,31,29,31,19,72,72,73,68,56
307,24,8,83,7,99,1094,100,1101,100,1101,99,1094,100,1101,100,1101,16,472,11,314,41.67,25.7,29.5,23.7,26.6,20.8,41.2,43.2,51.7,88,79,85,9,10,8,7,58,57,52,86,54
308,57,8,93,8,68,338,95,456,77,320,64,318,64,306,58,240,28,354,19,222,88.75,97.4,91.4,88.9,93.0,77.8,84.6,91.7,80.0,100,95,86,5,7,5,7,95,91,90,94,93
309,49,1,98,9,22,132,18,108,17,102,38,235,35,211,35,206,22,400,17,294,76,76.5,77.6,74.6,79.7,82.1,77.3,88.2,69.0,100,100,94,6,6,7,3,94,94,92,97,97
310,64,17,98,16,88,725,88,722,89,722,88,725,88,722,89,722,21,456,18,388,76.03,73.1,72.9,78.2,83.2,87.0,83.7,83.9,85.4,100,98,95,6,6,6,2,95,95,96,94,94
311,37,11,88,12,100,577,100,581,100,593,100,577,100,581,100,593,24,289,16,202,38.46,31.4,30.0,11.1,13.8,36.0,71.4,45.5,,86,60,90,16,11,18,14,63,65,57,61,60
312,11,10,71,10,100,623,100,624,100,624,100,623,100,624,100,624,17,304,12,207,26.03,23.1,21.6,19.4,20.0,16.2,20.0,53.3,29.4,68,50,62,22,17,22,14,68,64,69,68,48
313,14,7,69,13,100,575,100,575,100,574,78,446,78,446,78,446,18,308,13,215,35.53,32.9,47.4,37.0,33.3,26.2,38.7,41.2,71.4,83,92,92,5,7,7,4,54,57,53,86,54
314,20,9,64,10,99,939,99,935,100,948,99,939,99,939,99,941,16,420,11,292,29.11,29.4,27.8,25.7,20.9,22.4,5.9,31.6,20.0,70,67,60,13,13,11,12,75,72,80,77,57
315,48,10,93,5,100,396,100,395,100,320,100,396,100,395,100,320,18,132,17,105,100,75.0,50.0,,,,,,,,,,0,4,4,4,20,18,22,27,45
316,13,4,65,6,100,1449,100,1449,100,1449,100,1449,100,1449,100,1449,13,561,9,403,31.58,25.0,24.7,24.1,25.8,30.9,31.8,37.5,45.7,75,70,70,13,12,13,9,80,80,77,82,72
317,14,12,66,5,46,141,46,140,14,42,42,127,41,126,9,28,25,199,15,118,19.44,16.7,16.3,24.3,14.3,12.9,,,60.0,100,64,50,9,22,16,10,73,73,81,76,65
318,44,8,99,10,25,173,25,173,9,65,25,173,25,173,25,175,19,323,18,301,79.17,68.0,62.5,45.5,42.1,55.6,,,62.5,86,100,100,9,8,8,10,38,40,50,52,51
319,12,5,85,12,100,1085,100,1086,100,1015,100,1085,100,1086,100,1015,14,449,10,308,46.67,46.1,42.3,40.0,26.1,28.0,45.7,47.1,62.2,90,78,66,8,10,8,9,56,57,56,85,52
320,67,19,100,13,60,278,61,288,55,259,100,467,100,476,100,475,20,216,16,168,91.3,81.1,73.8,83.3,79.2,89.5,100.0,,,100,100,90,1,4,4,5,83,80,89,90,84
321,7,4,68,4,100,477,100,473,100,481,100,477,100,473,100,481,25,295,15,174,19.57,15.2,20.6,22.2,17.1,14.3,,12.5,20.0,81,69,61,19,22,17,13,67,70,74,72,65
322,13,8,86,9,100,426,100,426,100,426,100,426,100,426,100,426,23,272,15,173,45.1,47.8,36.6,13.3,32.1,25.7,18.2,27.3,,88,57,69,9,10,9,9,61,61,65,65,46
323,17,8,82,10,86,764,81,721,81,721,89,792,89,792,94,838,22,578,14,355,33.02,33.0,33.0,22.8,18.3,20.7,29.0,29.0,42.2,91,74,64,16,15,15,9,80,71,77,78,73
324,55,10,99,6,1,4,1,4,12,69,12,68,12,69,12,69,17,275,14,233,55.17,39.1,53.8,23.5,23.1,30.3,33.3,,70.0,90,100,69,11,6,12,9,66,63,66,71,68
325,37,8,90,2,90,1010,91,1013,94,1052,90,1017,91,1020,91,1019,21,572,15,401,46.51,57.1,50.7,33.7,32.9,31.3,33.3,33.3,23.1,89,88,79,15,7,11,6,68,70,71,70,65
326,8,6,75,11,75,307,75,307,75,307,75,307,75,307,75,307,27,258,15,143,12.5,10.0,17.2,5.7,9.4,6.8,14.3,14.3,,58,71,31,15,25,27,17,70,72,68,81,77
327,7,6,83,4,100,626,100,626,100,627,100,626,100,626,100,627,22,370,13,222,32.65,30.7,34.9,28.0,24.3,21.4,14.3,52.9,33.3,75,60,61,19,16,16,12,64,71,73,76,52
328,20,12,85,8,97,372,97,372,93,357,84,321,84,321,84,321,15,164,12,130,37.5,37.5,46.9,25.8,26.9,6.3,37.5,,40.0,89,100,92,14,18,18,12,53,50,57,68,63
329,34,11,97,11,100,756,100,758,100,759,96,732,98,746,98,746,19,390,12,247,45.83,42.7,47.3,45.2,37.3,29.9,40.9,60.7,25.0,84,91,88,9,9,13,8,58,60,65,64,69
330,30,13,95,14,63,465,58,432,88,655,67,498,67,495,67,495,21,447,14,286,44.57,43.6,42.9,38.5,26.5,20.5,21.7,47.4,52.2,69,84,91,15,14,14,7,65,67,72,74,72
331,56,11,100,14,97,677,97,677,97,677,92,643,92,643,92,643,16,260,11,184,34.48,33.3,46.2,54.2,43.8,41.9,36.4,50.0,33.3,,78,69,14,17,11,10,56,61,59,63,73
332,39,11,97,8,16,107,17,108,18,108,16,107,17,108,18,107,20,350,13,204,48.21,36.0,27.5,34.4,27.9,27.0,28.6,11.1,26.7,95,88,88,10,6,12,8,71,71,78,82,79
333,20,7,76,7,99,1028,99,1018,100,1022,99,1028,99,1018,99,1013,16,465,9,272,35.46,38.6,43.8,26.1,19.1,22.6,20.8,17.7,50.0,84,93,83,13,11,14,10,79,83,80,82,75
334,90,26,100,22,100,356,100,356,100,360,0,0,100,356,100,360,20,146,15,114,55.56,80.0,66.7,40.0,,60.0,,,,,,,8,0,6,19,54,41,40,67,70
335,58,8,97,9,39,429,40,426,83,862,39,429,38,406,38,398,21,704,15,471,83.5,79.3,74.5,80.2,75.8,72.8,74.2,79.0,76.7,97,98,90,5,6,5,6,90,92,94,93,93
336,45,11,96,13,49,911,50,894,55,899,71,1322,70,1261,67,1089,15,721,10,470,48.09,48.7,44.8,34.7,39.4,44.9,42.1,46.7,39.4,93,96,85,7,7,8,8,74,75,77,82,83
337,64,9,95,1,85,599,47,333,47,334,83,585,0,0,0,0,23,445,16,305,56.36,62.2,68.9,34.9,45.2,41.9,25.0,41.7,15.4,89,93,89,10,8,10,6,71,72,72,78,80
338,61,9,89,9,100,1334,100,1053,100,1053,77,1022,100,1053,100,1053,11,237,9,149,26.83,11.4,19.2,,7.4,12.5,20.0,66.7,66.7,83,57,33,23,24,18,17,75,81,78,71,79
339,90,6,100,6,100,1099,100,954,100,889,41,448,100,954,100,889,7,114,8,102,42.86,62.5,,,,,,,,,,,9,0,18,13,64,67,64,50,44
340,78,8,95,6,100,4003,100,3959,100,3911,100,4003,100,3959,100,3911,22,1495,22,1431,25.93,38.9,41.7,10.0,11.1,10.0,,,,,,60,23,12,21,13,51,52,56,67,66
341,58,6,92,7,94,1697,83,1487,94,1716,100,1797,100,1798,100,1816,16,714,11,429,41.67,24.4,28.6,30.0,23.5,35.6,25.0,28.6,14.3,90,71,89,12,10,10,13,69,77,69,71,44
342,68,7,100,19,100,424,93,331,100,357,100,424,100,357,100,357,12,75,15,80,20,,,,,,,,,,,,7,14,0,,64,43,40,,64
343,52,7,92,10,100,858,100,844,100,940,100,858,100,844,100,940,19,309,12,211,64.29,54.2,66.7,38.9,56.3,36.8,50.0,,,,,,13,10,10,6,25,27,28,44,38
344,47,11,84,6,100,787,100,752,100,727,100,787,100,752,100,727,15,240,12,179,20.69,25.9,30.3,19.2,21.7,29.4,,28.6,,83,50,44,25,19,16,14,66,70,65,72,58
345,33,23,95,11,73,275,73,275,83,315,80,304,80,304,80,304,21,197,15,138,35.56,39.0,55.3,24.0,35.7,28.6,,80.0,,70,71,86,16,13,15,9,73,77,78,79,77
346,14,8,78,7,77,815,77,815,77,818,77,815,77,815,77,818,16,448,10,294,35.24,36.0,42.0,33.0,28.2,14.3,39.3,36.0,20.0,85,82,64,19,19,15,14,68,74,74,77,73
347,16,9,80,3,100,347,100,347,100,278,100,347,100,347,100,278,17,147,13,83,18.75,28.6,20.0,,8.3,20.0,66.7,,10.0,,100,83,13,14,14,6,57,53,60,56,54
348,26,7,90,8,71,917,66,850,87,1114,81,1042,79,1009,79,1011,19,613,13,408,37.84,35.4,41.8,34.9,30.3,25.6,60.0,33.3,33.3,91,59,97,9,13,16,9,71,69,70,75,71
349,67,6,93,12,73,576,73,576,73,577,78,612,78,612,78,613,22,438,18,365,69.23,68.2,68.7,60.6,54.8,49.3,58.8,68.8,40.0,100,95,80,9,9,6,8,89,90,92,91,86
350,73,10,100,4,0,0,0,0,43,327,0,2,0,2,0,2,23,371,21,333,88.24,87.8,87.5,73.5,71.4,66.7,81.8,,,100,100,100,3,5,5,5,87,90,90,92,92
351,68,13,99,16,0,0,0,0,57,227,70,308,69,284,67,264,22,260,17,181,81.82,67.6,71.4,69.4,64.1,67.6,100.0,60.0,54.5,88,82,92,8,9,7,7,83,81,85,89,91
352,62,10,97,10,100,1142,100,1141,100,1142,92,1045,0,0,0,0,21,515,17,420,72.12,69.6,66.7,71.3,75.9,73.4,80.8,74.2,77.3,100,96,94,5,8,8,5,94,91,96,96,96
353,66,12,95,12,11,106,10,100,46,444,45,453,45,451,46,450,25,647,20,509,78.02,81.7,76.0,83.1,83.5,82.1,79.3,94.7,77.8,100,100,100,6,4,8,5,92,92,92,93,92
354,62,7,98,5,100,1012,100,1012,100,1012,100,1012,100,1012,100,1012,18,324,16,282,44,47.8,56.3,47.1,46.7,42.9,,40.0,44.4,75,100,86,16,19,12,11,78,81,84,88,86
355,76,14,100,12,100,1049,100,1049,100,1049,100,1049,100,1049,100,1049,20,421,16,339,71.23,72.5,74.1,69.2,72.2,74.4,71.4,,62.5,,80,,7,10,7,8,86,87,87,88,92
356,76,9,97,10,54,1010,35,657,35,653,54,1010,35,667,35,663,15,700,11,510,78.92,82.5,85.2,85.3,87.7,83.9,81.6,92.9,81.5,95,97,96,5,4,5,4,95,96,96,96,96
357,46,4,90,6,100,1440,100,1401,100,1401,100,1440,100,1401,100,1401,15,416,14,368,50.98,55.0,55.3,61.4,50.0,44.0,45.5,70.0,33.3,90,88,82,11,9,11,8,75,71,62,76,68
358,80,7,99,4,21,321,0,0,40,602,26,384,14,204,14,203,20,636,17,541,80.51,79.1,86.7,86.4,77.9,77.5,70.6,81.3,81.8,93,88,100,3,4,5,5,89,88,85,90,88
359,71,10,99,8,36,380,23,242,45,473,56,598,47,500,41,429,20,454,16,357,87.3,79.6,82.2,80.5,85.0,70.6,45.5,100.0,77.8,92,88,100,4,6,5,3,87,90,87,88,89
360,39,8,95,3,45,679,82,1206,94,1345,45,679,33,481,31,446,16,717,11,468,49.66,50.7,43.3,40.5,33.3,33.3,46.8,36.6,46.7,91,91,77,11,12,11,8,71,71,77,77,76
361,6,5,63,11,100,451,100,451,100,456,100,451,100,451,100,456,17,192,11,127,13.04,11.6,20.0,18.4,18.9,32.4,40.0,25.0,,85,85,67,21,18,18,16,67,69,68,72,69
362,10,5,78,3,97,1265,100,1311,100,1314,97,1265,100,1311,100,1314,24,767,16,495,29.25,19.5,20.2,17.5,12.5,15.4,50.0,22.7,28.6,67,67,78,18,22,20,15,62,63,61,62,50
363,12,5,75,5,84,1013,84,1011,82,923,84,1013,84,1011,82,923,19,573,12,359,24.51,22.4,20.0,16.9,12.6,12.0,10.7,5.3,3.6,59,57,55,27,27,25,16,71,74,73,76,70
364,88,7,100,7,58,663,91,1017,100,1118,93,1058,78,876,78,872,16,461,14,379,83.33,83.0,89.4,100.0,87.5,96.4,87.5,100.0,50.0,100,100,100,4,4,4,5,89,92,91,90,87
365,35,9,93,11,85,701,85,700,90,581,90,742,90,741,87,565,16,262,12,204,37.04,33.3,34.5,24.0,28.6,42.3,40.0,16.7,,75,29,20,8,6,10,11,60,55,56,61,58
366,36,10,92,7,10,48,11,48,75,435,68,311,67,294,75,435,18,141,18,133,26.92,52.6,44.4,33.3,33.3,28.6,60.0,,,88,100,50,12,18,11,15,49,63,59,57,39
367,64,2,98,2,98,2671,98,2681,97,2479,73,1984,48,1325,47,1208,18,866,16,716,69.12,80.0,75.4,83.3,78.5,85.0,100.0,66.7,68.8,100,93,92,6,7,5,8,73,70,71,71,70
368,39,7,95,8,73,862,98,1160,98,1161,73,862,73,862,73,862,15,468,12,352,50,51.6,47.8,41.4,40.9,34.9,32.0,53.9,57.1,89,86,84,12,13,15,15,84,84,85,88,86
369,13,5,72,6,100,469,100,509,100,527,100,469,100,509,100,527,28,291,16,199,28.33,17.2,32.2,16.7,12.7,13.3,35.3,19.1,25.0,55,81,38,30,31,20,14,75,74,74,73,65
370,8,4,67,8,3,38,3,38,53,649,6,71,6,77,7,85,20,650,12,381,20.94,19.5,16.9,10.1,13.3,17.8,25.0,23.7,20.7,78,65,53,22,19,20,19,76,78,77,79,76
371,10,3,76,5,100,2244,100,2256,100,2258,100,2243,100,2256,100,2258,24,1408,15,879,32.91,32.0,29.7,21.3,19.3,21.7,18.0,36.9,32.4,81,71,70,19,15,18,15,71,74,72,74,68
372,50,4,98,5,52,2291,37,1633,35,1488,49,2150,36,1595,38,1594,17,2012,12,1431,60.88,62.6,68.3,57.6,64.1,63.8,74.6,58.6,44.4,97,96,96,6,5,5,5,88,90,91,93,93
373,72,13,99,11,75,836,77,854,90,999,84,934,64,714,64,712,20,510,19,485,76.32,85.7,80.6,85.2,78.6,92.3,,,,100,100,86,4,4,3,2,76,66,66,68,61
374,14,6,85,3,96,1089,97,1104,97,1116,96,1089,97,1104,97,1116,28,699,19,469,17.31,11.6,21.6,9.8,15.5,13.2,22.2,12.5,16.7,59,69,59,19,18,21,14,63,70,60,64,70
375,81,6,99,4,35,301,34,298,39,338,35,301,34,298,35,298,18,441,16,378,95.65,93.2,93.9,89.7,97.8,96.0,,,100.0,91,100,94,1,2,3,1,92,91,89,89,85
376,31,6,90,9,68,997,69,996,80,1141,78,1132,78,1136,79,1135,20,806,14,551,40.35,46.4,38.5,38.6,37.5,36.9,24.1,50.0,44.4,89,94,100,8,13,11,6,67,64,67,69,67
377,56,8,100,3,32,646,96,1900,95,1854,32,646,86,1720,87,1695,18,1019,12,659,54.73,49.0,50.3,47.1,46.3,38.4,40.0,54.0,31.0,98,95,90,9,8,9,7,51,53,55,63,61
378,70,5,95,5,96,2054,99,2085,100,2096,95,2047,95,2016,95,2007,21,930,18,752,79.73,70.7,70.1,83.6,84.2,75.9,45.5,70.6,60.0,100,88,100,2,5,3,7,27,23,22,31,17
379,76,7,99,7,47,625,47,610,47,607,23,301,22,286,22,282,15,650,13,530,86.09,87.2,81.6,89.3,90.1,89.7,91.7,96.7,98.2,100,100,97,2,3,2,2,97,97,96,97,97
380,74,6,97,6,30,543,30,546,30,544,30,551,30,554,30,553,21,1198,16,931,91.44,92.0,93.0,87.2,89.8,90.0,91.3,93.2,93.4,98,100,95,4,4,4,2,92,92,93,94,94
381,61,6,98,6,71,1237,71,1239,73,1279,71,1237,84,1473,84,1477,18,542,15,447,54.35,47.7,58.0,23.9,28.2,17.0,26.7,50.0,20.0,71,80,67,13,18,12,11,63,68,65,64,65
382,8,4,67,9,100,931,100,933,100,947,100,931,100,933,100,947,15,462,12,358,24.64,15.8,13.2,8.9,20.4,25.6,30.0,23.8,50.0,69,72,61,21,18,19,13,68,72,68,65,61
383,31,5,85,6,89,1413,93,1481,100,1596,90,1431,90,1435,90,1439,12,482,9,387,34.08,33.9,32.2,30.7,42.6,34.0,45.5,43.2,40.0,91,75,61,17,14,14,10,78,84,83,84,72
384,73,13,94,13,100,1813,100,1460,100,1465,100,1811,94,1374,94,1380,9,331,11,354,22.22,,,66.7,60.0,,,40.0,,,83,,10,13,16,16,46,48,42,59,47
385,11,5,78,7,100,1982,100,2014,100,2015,93,1856,100,2014,100,2015,18,883,12,545,24.29,22.1,24.2,16.8,20.6,15.8,21.2,34.6,20.4,63,66,72,22,20,23,13,69,69,71,75,67
386,23,8,81,9,100,845,100,847,100,846,100,845,100,847,100,846,18,353,14,265,38.71,41.9,33.3,22.2,21.6,27.3,50.0,23.1,,89,77,50,13,18,16,18,58,73,68,70,59
387,8,4,63,7,98,923,98,924,97,926,84,795,98,925,97,927,21,491,13,305,19.59,16.2,20.0,20.9,18.7,18.6,33.3,23.4,40.0,84,77,61,16,15,13,9,73,77,78,76,63
388,33,7,78,3,37,356,78,642,78,651,2,17,77,635,77,645,16,329,15,253,31.71,25.7,37.9,27.3,33.3,31.0,,11.1,16.7,71,80,50,16,15,15,14,72,69,68,72,59
389,18,3,71,5,94,3367,88,3140,100,3297,85,3015,88,3136,85,2822,13,1210,10,898,37.27,37.4,38.5,29.7,32.9,31.6,28.3,32.5,36.8,83,72,68,12,13,12,9,70,74,72,74,54
390,38,10,89,13,85,663,84,666,84,668,85,663,84,666,84,668,19,275,14,208,42.31,50.0,34.6,50.0,47.6,36.8,14.3,37.5,28.6,91,83,62,8,11,10,10,57,47,61,60,79
391,71,13,98,11,51,499,51,499,75,732,74,718,74,718,74,720,22,512,21,477,76.92,79.5,81.3,59.5,70.4,60.0,,50.0,77.8,100,88,82,8,4,6,1,55,58,57,56,56
392,83,5,98,5,39,1586,58,2324,76,3074,74,3044,66,2667,66,2668,17,1702,14,1401,90,88.6,91.0,84.0,87.3,87.4,76.0,90.5,81.5,98,98,98,3,3,4,4,86,83,84,84,75
393,53,7,93,8,68,1913,62,1820,73,2143,69,1934,54,1580,54,1580,15,873,11,678,55.42,53.6,52.5,54.4,32.9,42.4,20.0,54.6,61.9,86,90,63,11,11,9,12,52,54,56,59,55
394,35,7,95,9,55,791,55,789,51,731,88,1269,88,1267,88,1262,17,500,13,389,44.74,48.6,51.3,44.4,41.8,52.1,66.7,40.0,50.0,89,83,84,9,11,11,11,85,86,82,86,82
395,43,6,90,1,12,82,11,73,9,60,12,82,11,73,9,59,21,331,18,284,55.56,58.3,62.1,65.0,61.0,42.4,50.0,81.8,66.7,100,100,95,10,13,11,10,89,88,94,94,88
396,24,4,93,7,16,158,16,158,17,163,16,158,16,158,17,161,17,475,11,287,56.92,54.4,58.9,56.6,61.8,50.9,84.2,37.5,60.9,88,90,85,14,11,10,9,89,89,90,92,87
397,45,12,95,15,100,1086,100,921,100,922,100,1086,100,921,100,922,15,279,15,232,77.78,45.5,57.1,69.6,66.7,61.1,28.6,,,,,100,12,15,7,9,96,98,97,98,94
398,29,16,91,25,2,9,2,8,1,2,2,9,2,8,1,2,17,112,17,99,75,85.7,,87.5,70.0,50.0,,,,100,,,15,14,3,8,94,94,94,100,94
399,52,9,99,10,81,835,83,858,81,836,81,835,83,858,83,858,19,376,15,301,73.47,72.3,86.7,70.5,71.7,70.0,64.7,54.6,60.0,100,100,78,8,6,9,5,92,92,94,94,94
400,68,8,98,9,81,715,32,280,41,363,81,715,42,366,41,363,26,663,21,525,85.23,91.3,87.5,88.0,82.3,84.3,92.7,85.4,96.8,100,97,96,3,3,2,1,95,94,97,97,96
401,34,6,92,8,15,120,2,19,2,19,15,120,2,19,2,19,22,486,17,382,70.73,77.0,65.6,68.8,67.9,61.5,81.0,81.8,52.9,82,93,89,7,8,6,6,95,95,95,96,95
402,31,7,94,11,0,0,0,0,0,0,0,0,0,0,0,0,20,315,16,257,71.79,88.6,77.3,84.4,79.6,73.3,58.3,69.2,63.6,95,90,92,6,11,8,4,95,95,95,93,95
403,44,8,96,8,15,100,15,100,17,102,15,100,22,141,21,129,22,431,18,306,82.28,81.4,79.2,76.3,73.9,68.8,64.3,69.2,58.3,100,100,96,4,5,3,4,94,92,94,95,88
404,23,9,83,13,52,438,52,438,78,658,84,709,84,710,84,710,22,452,14,281,36.23,35.5,45.1,34.5,39.7,41.4,45.5,50.0,27.8,68,78,78,10,11,11,11,92,94,94,97,95
405,41,6,95,11,39,544,40,545,49,672,32,446,50,690,50,685,19,656,15,505,73.64,60.7,71.7,73.6,67.5,57.1,59.4,57.5,60.0,100,94,83,9,9,10,7,94,93,95,97,94
406,30,1,90,14,25,214,48,390,49,383,36,308,62,508,61,480,19,410,16,322,69.57,62.5,65.5,63.9,51.6,61.8,60.0,70.0,50.0,79,92,85,16,9,9,7,75,79,82,88,77
407,18,8,93,3,10,73,10,73,43,299,16,116,16,115,16,115,22,409,16,290,68.18,52.3,62.2,61.1,74.5,64.4,68.8,60.0,66.7,95,96,94,9,10,11,10,89,91,90,92,86
408,40,7,92,9,49,530,51,539,49,504,49,530,51,546,50,509,24,655,18,496,81.25,81.0,86.2,74.2,73.8,57.1,72.2,75.0,75.0,95,90,86,5,7,5,5,91,93,91,91,82
409,71,8,97,9,27,282,27,276,27,278,27,282,27,276,27,271,16,440,11,317,86.21,85.0,93.2,87.5,87.2,79.6,61.9,84.6,63.6,100,100,92,5,2,5,2,98,96,95,94,92
410,49,15,97,15,20,204,20,204,20,203,20,204,20,204,20,203,11,190,10,177,68.75,66.7,75.0,81.0,50.0,63.6,80.0,40.0,,100,67,,9,14,6,7,94,93,90,98,92
411,49,9,88,9,26,163,27,165,80,484,8,48,27,165,25,154,21,334,16,241,67.8,63.8,55.6,65.8,57.8,63.8,85.7,60.0,87.5,96,100,78,10,7,7,7,95,97,95,94,94
412,63,32,91,31,2,4,1,3,11,25,2,4,1,3,1,3,20,133,17,108,91.67,83.3,85.7,77.8,60.0,57.1,100.0,,,88,86,71,8,2,5,6,94,94,98,99,94
413,58,7,99,8,1,12,1,12,1,17,1,12,1,12,1,12,19,735,14,535,82.4,88.5,88.6,81.4,73.6,75.9,76.7,80.0,77.4,95,100,87,3,3,3,3,99,98,96,96,95
416,44,12,100,5,100,893,100,893,100,893,100,893,100,893,100,893,19,316,16,257,73.81,58.8,59.5,51.9,45.5,62.5,80.0,,62.5,89,100,90,6,8,15,7,90,90,89,90,90
417,52,12,98,19,61,399,57,369,57,368,88,575,87,570,88,570,19,386,12,240,80.65,75.5,58.9,70.6,62.7,67.6,77.8,62.5,53.3,86,90,84,7,11,13,8,86,87,89,91,95
418,75,12,100,12,40,468,40,466,40,469,81,953,40,466,40,469,20,665,15,504,79.84,80.6,76.4,85.4,80.0,86.8,68.0,85.7,80.0,95,95,100,3,3,5,6,92,93,95,95,94
419,75,10,98,10,0,0,0,0,0,0,20,187,9,90,9,90,23,727,18,565,87.5,72.3,76.1,82.5,84.7,84.0,58.8,68.4,57.7,100,100,100,5,4,4,4,93,91,93,95,94
420,56,8,96,9,66,730,69,744,68,724,66,730,33,363,33,355,19,505,16,413,75,71.4,73.5,66.7,66.7,67.3,76.5,69.2,42.9,100,91,88,5,4,5,4,94,95,94,97,95
421,62,9,97,5,0,0,64,336,0,0,0,0,64,336,69,329,18,283,14,193,72.73,69.6,78.6,68.4,68.6,55.6,50.0,,54.5,60,,100,5,7,6,5,87,86,84,92,96
422,34,6,79,3,35,285,9,55,14,79,35,286,10,56,10,57,14,308,14,219,38.67,45.5,33.8,41.5,37.3,39.3,38.1,25.0,40.0,70,80,75,11,13,13,12,88,93,92,90,90
423,41,7,97,8,0,0,0,0,18,124,1,11,2,11,2,11,22,454,15,310,77.94,81.8,72.9,71.0,81.4,69.0,75.0,76.2,54.5,95,88,76,6,6,7,8,93,92,92,95,88
424,57,12,96,5,60,463,60,463,62,479,60,463,41,314,41,314,14,229,13,226,76.19,77.8,85.2,77.3,50.0,81.8,,,71.4,,100,,8,6,5,2,92,89,89,94,90
425,55,16,95,14,0,0,0,0,0,0,0,0,0,0,0,0,22,270,18,222,78.79,83.8,81.0,78.1,90.9,76.7,70.0,75.0,80.0,100,100,100,3,5,5,4,94,92,93,97,90
426,47,9,98,9,55,447,55,447,65,523,55,447,55,447,55,446,20,414,16,320,61.67,64.6,59.2,52.1,60.7,57.6,48.0,73.9,55.0,95,89,88,6,7,6,9,89,89,92,93,92
428,29,10,77,11,15,81,16,80,17,87,1,5,17,85,17,87,21,308,14,197,55.17,51.0,50.0,18.4,33.3,44.4,55.0,61.5,80.0,92,87,89,13,6,9,11,86,88,91,90,87
430,35,10,90,13,73,1137,74,1125,87,1123,73,1138,75,1139,88,1137,14,400,10,275,36.56,33.7,31.8,31.5,37.0,18.5,39.0,41.7,34.5,96,82,77,12,11,11,11,88,88,89,90,87
431,40,11,92,6,2,11,1,10,1,10,2,11,1,10,1,10,21,386,14,249,57.69,43.5,50.0,29.0,50.0,48.4,41.7,54.6,50.0,88,95,85,12,12,13,8,83,85,84,84,85
432,52,7,96,9,88,790,88,780,88,778,88,790,3,26,3,26,24,629,20,518,68.29,73.4,74.3,63.6,69.6,78.2,76.2,90.5,76.0,94,95,95,10,10,7,9,95,95,95,96,97
433,63,15,95,15,28,91,28,91,28,91,28,91,28,91,28,91,20,200,17,167,85.71,73.1,74.3,66.7,75.8,83.3,72.7,100.0,84.6,92,100,95,3,6,5,7,90,93,95,95,98
434,52,10,99,11,14,154,15,155,16,144,8,83,15,155,16,144,14,441,10,291,69.81,67.9,67.9,37.9,55.9,75.6,,61.5,76.9,82,89,86,5,5,5,3,81,80,78,86,81
435,55,17,100,6,3,8,94,215,94,207,10,24,94,215,94,207,21,127,20,111,60,66.7,44.4,70.0,58.3,76.9,69.2,,,100,,,8,2,2,8,77,77,77,80,64
436,26,11,86,6,23,140,23,141,37,221,41,249,37,222,37,221,23,362,15,243,55,50.0,50.0,35.3,34.0,44.6,52.0,75.0,58.3,96,86,86,10,10,5,7,82,89,89,90,83
437,50,10,96,6,10,126,10,120,11,113,12,146,12,140,13,133,18,536,15,361,51.72,60.4,61.4,39.4,33.3,35.4,15.8,23.5,40.0,89,100,63,11,13,10,13,83,88,84,88,85
438,75,10,100,8,2,13,2,13,43,177,50,405,53,360,62,256,21,403,20,253,64.86,54.3,64.7,70.2,72.7,75.6,69.2,75.0,58.8,100,88,73,7,5,6,7,94,96,98,97,98
442,22,7,90,4,94,682,71,513,82,584,93,676,59,422,59,420,20,407,13,262,40.66,44.0,48.5,22.1,32.6,37.8,44.8,46.4,57.6,83,87,77,13,11,11,10,85,87,85,83,83
443,49,8,93,3,36,202,36,202,71,394,36,202,36,202,36,199,10,169,9,151,71.7,76.9,64.4,68.6,62.8,63.9,62.5,92.3,76.9,94,94,93,6,6,5,9,81,83,85,84,85
444,32,9,80,12,53,432,53,430,53,431,53,432,53,430,53,431,16,347,12,271,51.28,46.7,45.1,40.4,52.5,53.6,76.2,68.4,61.5,95,85,77,9,9,13,9,87,90,89,90,89
445,61,8,100,10,93,946,87,890,90,914,93,946,88,897,88,897,20,593,17,509,70.91,71.4,72.5,81.7,77.0,68.4,62.5,62.1,60.7,97,97,100,5,5,7,5,87,83,85,90,91
446,52,9,99,10,14,69,14,69,52,252,14,69,14,69,15,71,18,251,14,181,65.85,58.5,61.2,53.7,53.2,54.0,45.5,66.7,46.2,100,75,91,6,5,10,6,86,83,91,88,88
447,60,10,100,9,0,0,0,0,0,0,39,365,40,361,39,344,19,470,13,307,56.67,59.2,63.5,69.6,65.1,65.4,50.0,42.9,60.0,90,92,89,6,6,9,7,85,89,90,89,90
448,57,12,98,12,41,622,42,623,48,623,41,623,42,624,48,624,17,541,13,363,72.41,73.1,63.6,63.6,70.7,67.6,73.7,65.0,64.7,91,88,88,11,7,9,10,93,92,95,96,94
449,78,9,99,9,10,90,11,100,10,97,10,90,11,100,10,97,13,314,10,225,73.33,90.5,81.0,75.8,72.7,63.6,100.0,,,93,100,100,4,4,1,2,95,95,95,95,92
450,56,8,98,6,12,156,12,151,12,146,20,259,20,253,20,247,16,636,13,476,72.63,73.0,71.3,71.9,74.7,70.3,69.2,82.6,63.6,95,93,90,3,3,8,6,91,90,89,90,90
451,71,6,96,8,0,0,0,0,0,0,0,0,0,0,0,0,21,852,15,562,80.79,82.9,80.5,87.5,83.7,76.7,71.9,77.3,91.3,95,100,86,4,3,4,3,97,97,96,96,96
452,24,5,79,11,42,253,42,252,41,214,61,368,53,321,54,278,15,255,14,219,74.07,86.2,84.4,66.7,66.7,64.5,40.0,50.0,77.8,,88,93,9,4,5,5,86,91,92,95,94
453,38,13,91,10,92,844,92,844,92,847,92,844,92,844,92,847,13,265,10,209,59.65,64.0,56.9,55.3,48.8,44.2,20.0,,75.0,72,71,86,13,15,14,17,90,94,95,94,89
454,39,8,96,7,4,23,4,23,22,117,18,100,18,99,19,101,20,307,17,252,78.18,81.3,77.6,64.7,75.0,67.9,45.5,87.5,100.0,100,100,94,7,8,6,6,96,96,97,98,89
455,34,8,93,10,12,89,12,89,12,89,12,89,14,106,14,106,19,383,16,309,70.83,76.5,69.7,66.7,68.4,60.6,46.7,54.6,88.9,96,100,93,6,6,4,4,90,90,91,91,86
456,51,11,95,13,99,543,99,549,100,200,100,546,67,369,8,16,16,171,14,155,,,,,,,,,,,,,11,0,6,11,100,94,89,95,75
457,72,11,93,10,34,124,33,120,57,210,59,214,59,215,59,215,26,271,19,198,80,88.9,85.4,85.7,80.6,84.1,88.9,100.0,100.0,100,100,94,4,5,6,5,95,94,98,97,98
458,46,18,95,10,5,18,5,18,20,80,66,259,66,259,66,258,18,201,13,147,85.37,69.1,77.2,79.0,69.8,74.3,66.7,85.7,77.8,100,100,91,6,5,5,3,96,96,97,95,95
459,44,11,92,13,8,76,82,803,83,814,48,464,86,835,85,833,20,568,15,405,63.83,67.1,62.4,65.3,61.5,56.5,53.3,59.4,53.8,95,87,94,9,8,6,6,85,88,89,88,86
460,50,8,91,9,95,1034,95,1022,99,1047,99,1074,43,457,42,442,27,811,20,594,64.12,67.9,59.6,67.7,63.4,72.5,58.8,71.9,71.4,98,94,92,6,9,7,7,90,91,92,93,92
462,36,3,80,12,19,147,20,151,24,168,19,147,20,151,22,152,16,344,12,250,54.41,56.9,51.4,42.3,37.7,44.0,30.8,30.8,33.3,55,92,83,10,16,13,8,83,86,89,90,81
463,35,11,92,2,92,930,92,931,88,878,92,930,92,931,92,922,22,530,17,406,67.61,51.7,66.7,57.8,49.1,47.9,30.0,26.7,55.6,96,87,76,11,11,8,7,87,89,90,91,91
464,72,10,97,11,33,418,33,418,34,418,33,418,33,418,34,418,21,736,16,577,82.05,89.0,87.4,85.6,82.5,80.0,66.7,68.4,66.7,94,94,90,5,4,4,4,93,93,92,94,91
465,52,10,95,8,45,221,45,221,45,221,45,221,45,221,45,221,26,331,21,259,69.23,73.3,71.7,67.4,67.5,70.0,80.0,63.6,55.6,100,86,88,4,3,6,3,89,92,93,92,95
466,49,10,93,3,47,446,46,437,56,525,49,467,49,458,49,457,18,462,13,331,65.38,54.5,55.7,58.7,61.6,48.1,42.1,56.0,50.0,83,92,84,10,7,8,8,87,89,89,90,92
467,59,7,99,8,37,263,37,263,54,370,37,263,37,263,39,262,20,434,15,331,77.59,78.9,72.0,63.0,56.1,66.2,77.3,62.5,87.0,97,96,94,7,5,4,4,94,91,89,92,92
468,88,37,98,34,11,10,0,0,21,18,11,10,0,0,0,0,2,44,3,50,80,57.1,75.0,60.0,,80.0,,,,100,,,10,8,4,6,84,88,89,94,77
469,78,8,99,3,0,0,0,0,68,469,0,0,0,0,0,0,21,388,18,340,78.95,84.0,83.3,86.4,87.0,80.0,66.7,63.6,100.0,95,89,95,1,4,4,4,90,95,97,97,95
470,58,8,99,4,0,0,0,0,0,0,0,0,0,0,0,0,14,334,12,271,72.97,85.3,91.9,69.1,62.9,66.7,77.8,68.8,40.0,91,94,100,10,11,4,5,96,97,96,99,92
471,51,10,97,14,88,1113,88,1116,87,1110,56,717,88,1123,88,1117,23,640,15,426,60,69.6,73.3,62.8,61.1,64.1,69.2,55.6,76.2,86,88,92,7,9,10,6,96,94,95,96,95
472,58,13,98,10,16,87,16,86,30,157,16,87,16,86,16,85,16,213,12,161,77.78,73.9,73.3,89.3,81.0,71.4,83.3,60.0,,100,100,86,9,7,2,5,96,95,96,95,94
473,42,5,95,8,70,728,38,391,38,386,49,509,38,391,38,386,21,480,18,408,50,44.2,50.0,64.0,56.9,59.6,50.0,37.5,54.5,70,64,77,12,15,10,9,93,89,94,96,96
474,50,10,99,12,48,556,48,551,54,617,48,556,48,551,48,551,15,364,13,304,66.67,74.2,79.4,72.1,67.4,70.6,,60.0,58.3,93,100,81,6,10,9,9,94,89,89,92,91
475,69,4,98,10,20,168,19,157,53,317,57,483,61,498,48,287,17,453,14,362,89.83,89.4,87.9,92.5,87.0,87.5,71.4,100.0,100.0,91,100,100,3,4,6,4,92,91,88,91,87
