NPA,Long_Commute_2014,Long_Commute_moe_2014,Bicycle_Friendliness_2016,Bicycle_Friendliness_2015,Bicycle_Friendliness_2013,Bicycle_Friendliness_2011,Street_Connectivity_2017,Street_Connectivity_2016,Street_Connectivity_2015,Street_Connectivity_2013,Street_Connectivity_2011,Sidewalk_Availability_2013,Sidewalk_Miles_2013,Transit_Proximity_2016,Transit_Proximate_Units_2016,Transit_Proximity_2015,Transit_Proximate_Units_2015,Transit_Proximity_2013,Transit_Proximate_Units_2013,Transit_Proximity_2011,Transit_Proximate_Units_2011,Transit_Ridership_2015,Transit_Ridership_Total_2015,Transit_Ridership_2014,Transit_Ridership_Total_2014,Transit_Ridership_2013,Transit_Ridership_Total_2013
2,47,11,1.5,1.5,1.5,1.6,1.2,1.2,1.2,1.15,1.17,72.3,7.08,100,1079,100,1079,100,1081,100,1082,35,879,43,1068,54,1348
3,38,7,2.2,2.1,2.3,2.2,1.48,1.48,1.5,1.55,1.55,83.2,31.55,100,4730,100,4752,100,4746,100,4468,34,2346,35,2438,33,2697
4,59,14,1.8,1.7,1.7,1.6,1.17,1.17,1.17,1.17,1.17,32.8,2.31,93,377,94,381,100,402,100,401,8,59,9,60,5,53
5,23,27,1.6,1.6,1.7,1.5,1.16,1.16,1.16,1.19,1.19,39,1.8,100,326,100,331,100,329,100,332,17,66,15,60,17,67
6,63,10,1.8,1.8,1.8,1.7,1.28,1.28,1.3,1.3,1.3,41.2,5.43,100,816,100,817,100,820,100,825,74,1258,77,1312,86,1375
7,37,17,1.5,1.5,1.5,1.5,1.19,1.19,1.19,1.19,1.19,53.2,6.53,71,302,74,314,89,376,89,375,30,178,31,220,58,405
8,51,10,1.3,1.3,1.3,1.3,1.13,1.13,1.16,1.17,1.17,58.9,6.48,100,1036,99,1015,100,1024,100,901,9,209,11,242,9,193
9,24,10,1.7,1.7,1.7,1.7,1.38,1.38,1.38,1.38,1.39,49,1.97,100,305,100,302,100,305,100,305,25,197,29,232,31,251
10,54,10,1.7,1.6,1.6,1.6,1.36,1.35,1.35,1.35,1.35,65,11.05,100,1592,100,1592,100,1595,100,1599,42,1528,42,1498,42,1453
11,20,6,1.7,1.7,1.8,1.8,1.2,1.2,1.2,1.25,1.26,64.8,7.75,100,1225,100,1225,100,1212,100,1209,67,734,76,839,65,843
12,46,8,1.3,1.4,1.4,1.4,1.05,1.05,1.05,1.08,1.08,33.1,0.99,100,1257,100,1257,100,1257,100,1257,95,668,116,814,123,860
13,44,5,1.6,1.6,1.6,1.6,1.24,1.24,1.24,1.24,1.24,47.6,5.07,100,1830,100,1827,100,1810,100,1812,13,249,17,319,21,406
14,68,13,1.3,1.3,1.4,1.4,1.09,1.08,1.1,1.1,1.1,49.3,5.92,74,1198,74,1198,74,1198,74,1199,132,528,147,586,142,568
15,60,5,1.6,1.5,1.6,1.6,1.18,1.18,1.17,1.18,1.19,26.3,3.43,0,0,0,0,0,0,0,0,,,,,,
16,50,11,1.5,1.5,1.4,1.4,1.19,1.2,1.2,1.2,1.2,39.8,7.17,98,2062,98,2062,98,2080,98,2087,33,462,36,543,38,600
17,70,10,1.4,1.4,1.4,1.4,1.18,1.18,1.18,1.19,1.18,43.4,5.53,100,1253,100,1256,100,1256,100,1256,62,1426,64,1473,66,1511
18,37,5,1.6,1.6,1.5,1.5,1.16,1.16,1.17,1.17,1.17,48.8,7.57,100,1693,100,1695,100,1691,100,1596,87,958,105,1155,112,1227
19,50,3,1.7,1.6,1.6,1.6,1.15,1.15,1.15,1.15,1.15,33.7,6.58,98,1718,98,1718,98,1718,98,1715,7,104,7,109,6,93
20,62,12,1.5,1.5,1.5,1.4,1.08,1.08,1.08,1.08,1.08,54.8,6.32,42,606,42,606,41,590,29,420,,,,,,
21,70,12,1.3,1.3,1.3,1.3,1.18,1.18,1.18,1.18,1.18,52.6,7.39,100,1224,100,1220,100,1216,100,1168,195,6035,183,6054,191,5930
22,31,14,1.4,1.4,1.5,1.4,1.22,1.22,1.23,1.27,1.26,69,5.64,100,508,100,499,100,364,100,467,64,964,75,1119,81,1217
23,45,19,1.7,1.7,1.7,1.7,1,1,1,1,1,50.6,1.9,84,460,84,460,83,456,83,453,,,,,,
24,59,16,1.8,1.7,1.7,1.7,1.25,1.25,1.25,1.25,1.25,51.7,3.19,100,446,100,448,100,473,100,474,50,250,67,333,62,312
25,76,11,1.6,1.5,1.5,1.5,1.08,1.08,1.08,1.08,1.08,22.5,3.05,37,418,38,417,37,409,37,408,0,0,1,1,1,1
26,77,9,1.3,1.4,1.5,1.1,1.03,1.03,1.03,1.06,1.05,35.7,6.43,13,134,13,134,12,133,0,0,,,,,,
27,75,7,1.4,1.4,1.4,1.3,1.08,1.08,1.08,1.09,1.09,62.8,4.87,90,885,90,887,89,882,75,740,47,95,88,176,75,151
28,46,20,1.9,1.9,1.8,1.8,1.3,1.31,1.31,1.31,1.3,44.7,2.39,100,550,100,550,100,548,100,545,10,79,13,106,11,100
29,78,16,1.6,1.6,1.5,1.5,1.02,1.02,1.02,1.02,1.02,37.2,2.26,26,148,8,45,18,102,18,101,,,,,0,0
30,47,20,1.7,1.7,1.8,1.8,1.23,1.25,1.28,1.3,1.28,61.6,6.63,100,987,100,854,100,504,100,503,66,1654,73,1814,78,1957
31,58,14,1.7,1.7,1.6,1.7,1.21,1.21,1.21,1.21,1.21,27.8,2.54,62,421,62,420,60,410,61,416,17,34,15,30,34,34
32,55,14,1.2,1.2,1.2,1.2,1.07,1.07,1.08,1.08,1.08,75.7,1.98,100,220,100,220,100,220,100,220,14,111,15,123,10,80
33,72,21,1.3,1.3,1.3,1.3,1.17,1.17,1.19,1.19,1.19,22.7,1.2,100,628,100,628,100,623,100,612,28,198,45,312,39,275
34,77,8,1.3,1.4,1.4,1.4,1.12,1.13,1.13,1.15,1.15,27,4.31,28,228,28,230,28,230,30,233,,,,,,
35,54,15,1.4,1.4,1.4,1.3,1.27,1.27,1.27,1.29,1.29,24.1,6.71,0,0,46,372,49,369,51,347,16,32,11,32,25,76
36,63,7,1.6,1.6,1.7,1.7,1.1,1.1,1.1,1.12,1.12,37.7,4.52,61,753,61,753,55,582,57,583,9,45,11,45,11,46
37,49,14,2.2,2.2,2.3,2.2,1.42,1.42,1.42,1.44,1.44,92.6,8.06,100,774,100,779,100,780,100,790,38,606,47,754,47,756
38,63,4,1.3,1.3,1.3,1.4,1.17,1.17,1.17,1.21,1.22,30.9,8.67,0,4,0,4,1,10,1,10,3,34,2,26,1,9
39,78,16,1.5,1.6,1.6,1.5,1.05,1.05,1.05,1.05,1.05,48.2,6.47,5,44,5,44,5,44,5,46,,,,,,
40,44,15,1.3,1.3,1.3,1.3,1.22,1.22,1.22,1.22,1.22,56.3,5.37,100,1191,100,1183,100,1183,100,1183,28,223,30,301,32,318
41,57,17,1.5,1.5,1.6,1.6,1.1,1.1,1.1,1.13,1.13,14.1,0.97,100,773,100,773,100,773,100,774,2,25,2,25,1,12
42,55,12,1.4,1.4,1.3,1.3,1.07,1.07,1.07,1.07,1.07,45.1,3.77,68,902,68,901,63,841,64,843,23,46,34,67,26,53
43,41,8,1.4,1.5,1.4,1.4,1.15,1.15,1.15,1.15,1.15,27.7,2.21,95,625,95,624,95,621,95,602,0,0,1,5,0,0
44,62,19,1.4,1.4,1.4,1.4,1.04,1.04,1.04,1.04,1.04,52.9,2.85,44,207,43,197,42,193,43,192,19,19,25,25,31,31
45,66,9,1.4,1.4,1.5,1.4,1.28,1.27,1.23,1.31,1.3,61.3,13.52,8,99,8,94,0,0,0,0,87,260,0,0,,
46,58,12,1.5,1.4,1.5,1.5,1.06,1.06,1.06,1.07,1.07,19.7,1.55,0,0,0,0,60,574,45,433,,,,,,
47,79,12,2,2,1.5,1.1,1.08,1.08,1.08,1.08,1.08,59.9,1.95,100,639,100,640,100,640,100,641,84,419,106,530,99,496
48,76,19,1.3,1.3,1.3,1.3,1.18,1.18,1.18,1.25,1.27,45.4,6.28,43,260,45,274,45,276,42,262,27,135,59,297,67,333
49,63,16,1.3,1.2,1.2,1.2,1.08,1.08,1.08,1.12,1.11,33.4,5.32,0,0,0,0,0,0,0,0,,,,,,
50,78,15,1.8,1.8,1.8,1.7,1.11,1.11,1.11,1.11,1.11,40.5,2.79,93,976,93,976,93,975,93,975,529,1587,435,1738,455,1822
51,40,11,1.8,1.7,1.8,1.9,1.35,1.35,1.34,1.38,1.38,75.3,7.8,100,765,100,732,100,737,100,737,68,813,80,876,110,987
52,42,23,1.2,1.2,1.2,1.2,1.04,1.03,1.03,1.05,1.08,78.7,6.29,100,551,100,551,100,889,100,892,62,986,73,1456,73,2178
53,56,8,1.7,1.7,1.8,1.8,1.2,1.2,1.2,1.16,1.16,48.5,5.3,100,1221,100,1222,100,1060,100,1057,47,1125,46,1195,46,1198
54,26,17,1.6,1.5,1.6,1.6,1.19,1.19,1.19,1.13,1.13,44.6,5.85,95,530,95,531,95,533,95,532,31,344,33,359,34,373
55,42,13,1.5,1.5,1.5,1.5,1.12,1.12,1.12,1.1,1.1,34.7,4.17,95,764,95,762,92,737,90,724,2,25,4,40,5,39
56,60,16,1.5,1.5,1.5,1.4,1.08,1.08,1.08,1.08,1.08,49.6,2.68,89,324,90,326,91,325,90,324,305,1222,322,1287,321,1285
57,90,18,1.4,1.4,1.5,1.5,1,1.03,1.03,1.09,1.12,52.2,2.05,100,669,100,669,100,669,100,683,81,242,69,274,36,180
58,86,3,1.4,1.4,1.3,1.4,1.17,1.17,1.17,1.17,1.17,60.3,3.64,100,484,100,485,100,485,100,485,78,859,75,825,58,811
59,78,12,1.5,1.5,1.5,1.5,1.15,1.15,1.15,1.15,1.15,26.4,2.6,100,1110,100,1110,100,1111,100,1111,373,2614,344,2407,163,1141
60,65,13,1.3,1.3,1.4,1.4,1.23,1.23,1.23,1.35,1.36,15.7,2.46,92,1275,90,1019,100,1128,100,997,85,1103,71,920,109,1421
61,61,32,1.4,1.4,1.5,1.5,1.12,1.12,1.12,1.14,1.14,32.2,2.15,0,0,0,0,99,429,99,429,0,1,2,6,44,175
62,41,3,1.5,1.5,1.2,0,1.11,1.11,1.13,1.13,1.05,11.8,0.9,100,64,100,64,100,138,100,199,151,4820,197,6109,198,6533
64,70,9,1.2,1.3,1.3,0,1.21,1.21,1.23,1.26,1.21,19.4,2.36,100,2042,100,2064,100,1965,96,1889,6,12,11,22,9,19
65,56,15,1.3,1.3,1.6,1.6,1.27,1.27,1.27,1.45,1.43,12.9,1.23,92,860,70,860,83,896,73,716,,,,,25,25
66,37,13,1.2,1.2,1.3,1.2,1.12,1.12,1.12,1.13,1.15,36.5,2.7,100,1353,100,1353,100,1263,100,1256,55,164,167,836,123,986
67,100,17,1.4,1.3,1.3,1.3,1.14,1.15,1.15,1.15,1.15,44.7,1.74,100,643,100,643,100,631,100,323,,,,,,
68,65,15,1.2,1.2,1.2,1.2,1.09,1.09,1.09,1.09,1.09,40,5.93,61,689,61,693,61,693,61,689,20,184,15,108,36,107
69,17,11,1.6,1.5,1.5,1.5,1.18,1.16,1.16,1.16,1.16,52.8,4.01,94,675,93,591,100,755,100,754,1,3,2,4,3,24
70,46,15,1.7,1.8,1.8,1.9,1.32,1.32,1.32,1.38,1.38,46.3,4.33,100,521,100,521,100,523,100,522,257,2566,262,2624,254,2537
71,54,10,1.5,1.6,1.6,1.6,1.12,1.12,1.15,1.15,1.15,45.3,3.35,100,1425,100,1425,100,1417,100,1408,229,917,198,792,260,780
72,69,11,1.4,1.4,1.6,1.6,1.32,1.32,1.31,1.35,1.35,23.3,6.58,89,1007,90,1055,88,1035,76,427,222,2437,276,1929,231,1845
73,62,14,1.2,1.2,1.3,1.3,1.18,1.18,1.18,1.27,1.28,19.1,7.54,0,5,0,5,0,5,0,5,,,,,,
74,36,18,1.6,1.6,1.6,1.6,1.04,1.04,1.04,1.04,1.04,68,3.44,100,740,100,740,100,740,100,740,30,266,34,302,27,246
75,82,7,1.3,1.3,1.3,1.3,1.12,1.13,1.11,1.14,1.14,59.6,4.64,0,0,0,0,0,0,0,0,,,,,,
76,59,10,1.2,1.2,1.3,1.3,1.12,1.12,1.12,1.15,1.15,51,9.17,8,88,8,87,9,84,10,80,234,234,256,256,250,250
77,66,9,1.4,1.4,1.4,1.4,1.19,1.19,1.19,1.24,1.24,61,11.06,51,1134,65,1456,67,1416,67,1363,14,43,37,111,34,101
78,70,15,1.3,1.3,1.3,1.3,1.17,1.17,1.17,1.17,1.17,52.8,5.85,93,858,94,857,95,851,96,801,27,271,33,328,34,335
79,41,15,1.2,1.2,1.2,1.2,1,1,1,1.05,1.05,35.9,0.72,100,518,100,518,100,679,100,679,65,326,70,351,79,393
80,49,13,1.3,1.3,1.4,1.3,1.27,1.27,1.27,1.27,1.23,9.6,1.28,0,0,0,0,1,12,0,0,,,,,,
81,70,17,1.3,1.3,1.3,1.3,1.06,1.06,1.06,1.06,1.06,65.6,3.37,95,433,96,435,95,432,94,427,5,16,13,27,13,25
82,74,12,1.4,1.5,1.5,1.5,1.24,1.24,1.26,1.26,1.24,63,6.26,90,1022,91,818,91,818,91,818,12,36,12,37,14,41
83,55,16,1.1,1.1,1.2,1,1.02,1.02,1.02,1.05,1.04,3.8,0.76,0,0,0,0,0,0,0,0,,,,,,
84,60,29,1.3,1.3,1.4,1.2,1.16,1.16,1.17,1.27,1.23,8.6,2.04,20,48,22,59,0,0,0,0,20,20,0,0,,
85,66,20,2,1.9,2,1.9,1.26,1.26,1.26,1.26,1.26,58.8,4.6,100,769,100,771,100,776,100,781,188,1506,171,1540,175,1573
86,69,12,1.3,1.3,1.2,1.2,1,1,1,1,1,75.6,1.72,100,1116,100,1116,100,993,100,1050,75,522,89,621,98,686
87,61,25,1.6,1.6,1.6,1.6,1.15,1.15,1.15,1.15,1.15,79.3,4.08,100,681,100,682,100,684,100,690,235,1648,249,1742,251,1756
88,76,10,1.8,1.8,1.7,1.7,1.21,1.21,1.21,1.24,1.24,60.2,5.61,100,466,100,469,100,474,100,481,32,473,34,517,34,508
89,77,18,1.7,1.7,1.4,1.4,1.1,1.1,1.1,1.1,1.1,42,2.6,99,544,99,545,99,543,99,543,39,195,50,248,45,227
90,72,8,1.9,1.9,1.9,1.9,1.19,1.19,1.19,1.19,1.19,46.2,2.77,100,828,100,828,100,828,100,826,108,1398,127,1653,131,1706
91,66,13,1.4,1.3,1.2,1.3,1.07,1.07,1.07,1.08,1.08,26.9,1.83,68,568,67,564,67,564,67,563,0,0,0,0,0,1
92,50,10,1.3,1.3,1.4,1.3,1.31,1.31,1.31,1.31,1.31,21.9,1.96,100,1344,100,1330,100,1058,100,909,119,715,95,668,86,605
93,44,14,1.2,1.3,1.2,1.2,1.23,1.23,1.23,1.16,1.16,28.2,3.36,100,624,100,624,100,624,100,624,98,492,98,590,96,575
94,48,9,1.5,1.4,1.4,1.4,1.27,1.27,1.27,1.19,1.19,29.6,4.11,95,360,95,361,93,351,100,379,64,511,56,557,51,511
95,41,16,1.3,1.3,1.3,1.3,1.17,1.17,1.17,1.16,1.16,52.7,5.12,65,435,65,435,100,672,100,672,42,42,18,144,18,147
96,58,10,1.3,1.3,1.4,1.4,1.2,1.17,1.17,1.23,1.24,35.5,6.06,97,1812,97,1751,97,1469,96,1127,100,1004,102,1015,104,1035
97,60,9,1.3,1.3,1.3,1.3,1.07,1.08,1.08,1.08,1.08,47.5,5.72,66,1022,68,1055,68,1049,68,1049,67,134,99,199,100,201
98,80,15,1.1,1.1,1.1,1.1,1.08,1.08,1.07,1.09,1.09,44.2,6.51,61,593,60,567,59,546,2,16,20,20,19,19,1,1
99,57,8,1.5,1.5,1.5,1.5,1.22,1.22,1.22,1.22,1.22,37.5,3.49,95,612,95,610,95,610,95,609,30,212,54,324,65,453
100,70,19,1.2,1.3,1.2,1.3,1.05,1.05,1.05,1.06,1.05,52.6,6.29,100,699,98,690,100,701,100,701,63,1388,60,1384,60,1382
101,81,13,1.9,1.9,1.9,1.9,1.18,1.18,1.18,1.18,1.18,78.4,3.09,100,728,100,728,100,728,100,729,108,538,82,980,94,1127
102,54,1,1.1,1.1,1.2,1.1,1.02,1.02,1.02,1.02,1.02,37,1.97,100,525,100,524,100,523,100,524,7,20,10,29,8,25
103,68,11,1.4,1.5,1.5,1.4,1.14,1.14,1.08,1.08,1.08,68.1,2.51,100,480,100,480,100,481,100,479,729,1458,627,1882,130,259
105,54,11,1.5,1.5,1.5,1.5,1.31,1.31,1.32,1.32,1.32,36.2,2.76,94,737,92,585,91,477,89,387,6,13,6,12,5,10
106,75,23,1.4,1.4,1.4,1.4,1.12,1.12,1.12,1.12,1.12,62.3,2.42,100,729,100,729,100,729,100,729,23,251,25,280,28,305
107,67,16,1.4,1.4,1.4,1.2,1.16,1.16,1.15,1.15,1.15,18.1,0.97,100,675,100,1071,100,1071,100,1071,82,247,92,276,101,303
108,73,12,1.3,1.3,1.3,1.3,1.05,1.05,1.05,1.07,1.07,26,2.59,60,328,60,328,60,327,60,328,146,146,167,167,177,177
109,77,17,1.2,1.2,1.2,1.2,1.11,1.11,1.11,1.13,1.09,43.4,8.65,45,422,44,404,45,396,44,368,72,288,72,288,71,283
110,60,13,1.2,1.1,1.2,1.2,1.08,1.08,1.08,1.14,1.14,15.3,2.63,33,251,33,250,33,251,33,251,4,7,4,7,3,6
111,47,14,1.3,1.3,1.3,1.3,1.19,1.19,1.19,1.17,1.17,52.3,7.49,85,919,87,1004,85,931,88,786,28,114,1,5,3,3
112,63,22,1.2,1.2,1.3,1.2,1.13,1.14,1.14,1.22,1.21,11.9,2.25,0,0,0,0,0,0,0,0,,,,,,
113,50,9,1.3,1.3,1.4,1.4,1.09,1.09,1.1,1.14,1.15,43,9.07,5,79,5,76,6,76,6,76,,,,,,
114,52,29,1.3,1.4,1.3,1.4,1.15,1.13,1.13,1.16,1.19,43.1,4.72,100,441,100,424,100,426,100,546,8,210,10,208,11,241
115,81,15,1.6,1.5,1.5,1.4,1.31,1.31,1.31,1.29,1.31,83,16.3,0,0,0,0,0,0,0,0,,,,,,
116,46,11,1.4,1.3,1.4,1.4,1.29,1.29,1.29,1.32,1.32,28,12.14,97,1227,98,1211,98,1170,94,1056,782,38337,820,39345,879,39535
117,63,13,1.5,1.5,1.4,1.4,1.08,1.08,1.08,1.08,1.08,60.2,8.06,33,495,32,471,28,393,26,358,,,,,,
118,65,4,1.1,1.2,1.2,1.2,1.04,1.04,1.04,1.06,1.06,55.3,4.29,71,307,72,306,73,303,0,0,3,5,2,2,0,0
119,69,25,1.4,1.3,1.3,1.3,1.25,1.26,1.26,1.21,1.21,19.4,3.16,80,373,80,373,80,373,80,374,48,240,43,216,51,203
120,42,19,1.4,1.4,1.4,1.4,1.21,1.21,1.21,1.21,1.21,59.9,5.12,100,579,100,598,100,594,100,596,79,1259,79,1430,91,1463
121,69,20,1.5,1.5,1.6,1.5,1.18,1.18,1.18,1.21,1.19,28.6,3.69,100,824,100,826,100,825,100,826,55,935,68,1148,71,1210
122,,,1.1,1.1,1.3,1.3,1.15,1.14,1.12,1.26,1.28,13,3.39,0,,,,,,,,449,2694,340,2038,329,1971
123,68,17,1.4,1.4,1.4,1.4,1.16,1.16,1.16,1.2,1.2,47.8,7.6,99,1075,99,1074,99,1074,98,1072,92,3572,96,3753,97,3890
124,39,4,1.8,1.8,1.9,1.9,1.32,1.32,1.32,1.35,1.35,70,9.56,100,888,100,890,100,890,100,890,112,5036,122,5492,125,5607
125,42,11,1.5,1.5,1.5,1.4,1.2,1.19,1.19,1.19,1.19,27.8,6.84,34,368,35,370,33,343,33,341,66,332,43,214,42,169
126,76,42,1.4,1.5,1.6,1.5,1.32,1.3,1.35,1.47,1.35,41.6,2.17,100,290,100,251,100,189,100,41,146,582,157,629,161,644
127,74,15,1.4,1.3,1.3,1.3,1.08,1.08,1.08,1.1,1.12,54.5,4.48,99,975,99,974,99,975,99,975,431,5599,476,6191,429,5578
128,73,3,1.8,1.8,1.8,1.8,1.3,1.3,1.3,1.3,1.3,48.9,3.42,100,1042,100,1043,100,1044,100,1044,68,610,58,641,61,676
129,57,12,1.5,1.5,1.4,1.5,1.03,1.03,1.03,1.06,1.06,35.8,3.65,95,825,95,822,96,833,96,834,8,25,9,27,8,24
130,65,6,1.2,1.3,1.4,1.2,1.12,1.12,1.12,1.21,1.21,32.6,11.28,0,0,0,0,0,0,0,0,,,,,,
131,78,9,1.3,1.3,1.3,1.3,1.07,1.07,1.07,1.08,1.08,33.7,2.4,22,178,22,177,23,176,20,144,,,,,,
132,34,19,1.8,1.8,1.7,1.7,1.19,1.19,1.19,1.19,1.19,52.7,2.32,100,281,91,257,100,279,100,280,6,30,12,60,15,73
133,49,18,1.6,1.6,1.4,1.3,1.14,1.14,1.14,1.18,1.14,66.3,2.48,100,627,100,626,100,627,100,626,33,33,19,19,12,12
134,71,19,1.3,1.3,1.3,1.3,1.18,1.18,1.18,1.18,1.18,30.8,1,100,449,100,449,100,449,100,449,11,22,12,24,6,11
135,55,17,1.1,1.1,1.1,1,1,1,1,1,1,60.5,1.78,100,555,100,555,100,555,100,554,81,406,82,408,90,448
136,56,15,1.3,1.3,1.4,1.4,1.17,1.17,1.17,1.21,1.24,59.3,6.99,35,285,34,278,29,226,28,215,40,81,34,68,33,67
137,81,14,1.3,1.3,1.3,1.3,1.11,1.11,1.11,1.13,1.16,44.6,5.51,8,45,6,34,7,36,7,40,70,139,70,140,65,130
138,71,42,1.3,1.3,1.3,1.3,1.18,1.18,1.18,1.19,1.19,30.7,3.08,100,251,100,251,100,251,100,252,67,534,66,531,68,547
139,75,21,1.3,1.3,1.4,1.3,1.16,1.16,1.16,1.17,1.16,36.9,5.43,100,660,100,660,100,661,100,558,25,407,23,360,24,389
140,69,11,1.4,1.4,1.3,1.3,1.18,1.18,1.19,1.17,1.16,22.4,4.88,67,716,89,953,89,953,88,871,29,321,27,432,29,436
141,39,11,1.4,1.4,1.4,1.4,1.31,1.31,1.31,1.36,1.36,20,3.04,100,342,100,340,100,344,100,360,33,927,35,973,36,995
142,62,17,1.5,1.5,1.5,1.5,1.16,1.16,1.16,1.17,1.17,54.3,4.09,100,1299,100,1299,100,1299,100,1299,31,532,36,606,30,566
143,62,19,1.5,1.6,1.6,1.4,1.04,1.05,1.07,1.07,1.07,43.6,3.27,100,616,100,619,100,618,100,615,9,53,8,50,9,52
144,80,12,1,1.1,1,1.1,1.03,1.03,1.03,1.03,1.03,,,100,966,100,955,100,921,100,911,2,2,,,,
145,73,22,1.1,1.1,1.2,1.1,1.03,1.03,1.03,1.08,1.08,15.2,1.21,60,386,61,392,61,392,61,391,3,14,6,23,5,19
146,76,14,1.5,1.5,1.4,1.4,1.15,1.15,1.15,1.15,1.18,41.1,3.56,85,564,85,560,85,560,84,542,25,126,29,143,29,145
147,76,9,1.2,1.2,1.3,1.3,1.05,1.05,1.05,1.06,1.06,25.6,2.35,100,1083,100,1069,100,1060,100,1042,2,8,3,16,1,8
148,69,11,1.4,1.4,1.4,1.4,1.08,1.08,1.08,1.09,1.09,39,4.87,54,505,54,504,52,486,52,485,6,13,12,25,15,29
149,80,24,1.3,1.3,1.4,1.4,1.22,1.22,1.22,1.27,1.27,22.8,2.44,0,0,0,0,0,0,0,0,,,,,,
150,60,16,1.4,1.4,1.3,1.3,1.09,1.09,1.09,1.09,1.09,39.7,3.15,45,309,45,309,45,309,45,309,,,,,,
151,63,7,1.5,1.5,1.5,1.5,1.16,1.16,1.16,1.16,1.16,85.7,12.09,0,0,0,0,0,0,0,0,,,,,,
152,65,17,1.1,1.2,1.2,1.3,1.11,1.11,1.11,1.08,1.22,10.5,0.79,0,0,0,0,0,0,0,0,,,,,,
153,57,9,1.5,1.5,1.5,1.5,1.08,1.08,1.07,1.08,1.09,74.2,12.1,35,431,35,433,35,433,35,432,,,,,,
154,65,11,1.6,1.6,1.6,1.7,1.05,1.05,1.05,1.05,1.05,58.6,6.35,83,948,84,956,84,956,83,947,11,42,9,37,14,55
155,70,10,1.2,1.3,1.3,1.3,1.05,1.05,1.04,1.12,1.06,33.2,4.66,0,0,0,0,14,136,14,133,2,3,3,9,66,264
156,68,16,1.2,1.2,1.2,1.2,1.08,1.08,1.08,1.11,1.11,53.7,8.74,73,915,76,912,77,897,78,859,35,243,32,226,38,229
157,58,22,1.5,1.5,1.5,1.5,1.29,1.29,1.29,1.31,1.31,76.7,9.17,100,288,100,288,100,391,100,459,86,3610,88,3699,105,4393
158,50,11,1.4,1.4,1.4,1.4,1.1,1.1,1.1,1.19,1.18,47,8.74,65,837,65,835,67,862,68,856,18,346,20,379,20,375
159,54,13,1.8,1.8,1.8,1.8,1.25,1.25,1.25,1.27,1.29,36.2,2.51,100,397,100,389,100,381,100,374,43,608,47,707,52,781
160,48,10,1.3,1.3,1.3,1.3,1.13,1.13,1.13,1.15,1.15,31.4,5.41,100,1106,100,1107,100,1106,100,1107,35,657,28,636,32,746
161,56,16,1.3,1.3,1.2,1.1,1.12,1.13,1.13,1.08,1.08,42.6,2.42,93,1054,93,1054,93,1054,93,1061,127,380,145,434,147,442
162,73,12,1.4,1.4,1.4,1.4,1.08,1.08,1.08,1.08,1.08,40.3,3.8,100,696,100,696,100,700,100,701,54,700,57,744,26,337
163,31,8,1.8,1.8,1.8,1.8,1.44,1.44,1.44,1.46,1.48,97.9,7,100,528,100,544,100,540,100,539,45,627,35,559,31,493
164,58,4,2,1.9,1.9,2,1.27,1.27,1.28,1.28,1.2,73.2,9.1,100,1766,100,1744,100,1815,98,1794,126,2388,138,2614,147,2643
165,61,17,1.3,1.4,1.4,1.4,1.05,1.05,1.05,1.05,1.05,57.5,2.63,99,903,99,904,99,904,99,908,347,694,333,667,244,732
166,74,23,1.5,1.5,1.6,1.4,1.14,1.14,1.14,1.22,1.22,40.5,1.46,100,537,100,538,100,538,100,538,49,292,45,272,94,563
167,78,13,1.4,1.4,1.4,1.3,1,1,1,1,1,67,2.35,100,359,100,361,100,361,100,361,19,136,24,168,68,477
168,65,11,1.4,1.4,1.4,1.4,1.17,1.17,1.17,1.17,1.17,39.3,2.52,100,634,100,633,100,633,100,633,18,73,22,87,9,63
169,73,19,1.5,1.5,1.5,1.5,1.14,1.14,1.15,1.16,1.13,59.1,4.65,0,0,0,0,0,0,0,0,,,,,,
170,55,21,1.4,1.4,1.3,1.3,1.11,1.11,1.11,1.11,1.14,68.7,6,0,0,0,0,0,0,0,0,,,,,,
171,48,13,1.2,1.2,1.2,1.2,1.12,1.09,1.11,1.13,1.12,37,3.06,84,372,82,328,83,333,83,333,27,109,57,229,48,191
172,81,13,1.4,1.4,1.4,1.4,1.34,1.31,1.27,1.31,1.3,53.1,10.37,53,602,53,599,52,576,50,528,105,105,189,189,175,175
173,77,12,1.2,1.2,1.2,1.2,1.05,1.05,1.05,1.05,1.05,40.2,2.23,100,417,100,403,100,391,100,379,10,61,11,66,14,83
174,48,14,1.1,1.2,1.3,1.2,1.14,1.14,1.14,1.23,1.2,25,7.63,28,177,28,177,2,14,3,16,1,2,1,5,1,6
175,70,12,1.4,1.4,1.4,1.4,1.09,1.09,1.09,1.09,1.09,19.3,2.21,1,8,1,8,0,1,0,1,,,,,,
176,67,18,1.5,1.5,1.5,1.5,1.11,1.11,1.11,1.11,1.11,56.5,7.72,29,343,30,344,25,291,25,290,,,,,,
177,66,9,1.4,1.4,1.4,1.4,1.1,1.1,1.1,1.14,1.11,39,3.86,98,780,98,776,98,775,98,698,0,0,0,2,0,1
178,42,13,1.3,1.3,1.3,1.3,1.22,1.2,1.19,1.2,1.19,38.8,8.48,78,1025,76,891,72,742,72,742,16,409,19,464,20,483
179,47,13,1.7,1.6,1.6,1.6,1.16,1.16,1.16,1.16,1.16,38.5,4.63,72,478,73,485,73,484,73,484,6,48,10,77,12,95
180,68,24,1.4,1.4,1.4,1.4,1.11,1.11,1.11,1.11,1.11,62.7,4.42,92,476,94,476,94,455,95,441,59,235,54,272,49,246
181,69,8,1.5,1.5,1.4,1.4,1.07,1.07,1.07,1.07,1.07,53.7,7.93,70,892,70,887,54,662,54,659,3,29,4,36,3,23
182,61,29,1.5,1.5,1.5,1.6,1.26,1.26,1.26,1.32,1.32,62.6,4.67,100,268,100,268,100,268,100,268,36,641,37,668,36,650
183,75,34,1.4,1.4,1.3,1.4,1,1,1,1.03,1,65.7,3.06,98,342,98,343,98,344,98,340,17,100,15,92,25,150
184,42,8,2.1,2.1,2.1,2.2,1.36,1.36,1.36,1.4,1.4,62.9,4.53,100,689,100,691,100,690,100,867,,,,,,
185,40,13,1,1.1,1.1,1,1.03,1.03,1.04,1.04,1,53.5,1.79,100,1367,100,1366,100,1368,100,1368,37,224,44,263,43,257
186,66,12,1.5,1.4,1.4,1.3,1.07,1.07,1.07,1.07,1.07,58.8,6.59,73,602,73,602,73,605,69,571,83,417,93,463,84,418
187,63,5,1.3,1.3,1.3,1.3,1.07,1.07,1.07,1.07,1.07,53.4,2.97,0,0,0,0,0,0,0,0,,,,,,
188,55,26,1.2,1.2,1.2,1.2,1.15,1.15,1.15,1.14,1.14,35.9,3.13,0,0,0,0,0,0,0,0,,,,,,
189,81,27,1.6,1.6,1.6,1.6,1.05,1.05,1.05,1.05,1.05,77.1,2.06,100,453,92,418,92,418,92,419,,,,,,
190,100,23,1.5,1.5,1.5,1.4,1.19,1.19,1.19,1.23,1.23,37.2,4.18,100,382,98,374,98,374,98,376,18,303,18,309,19,327
191,58,17,1.4,1.3,1.3,1.4,1.07,1.07,1.07,1.07,1.07,39,4.13,23,216,23,216,23,218,23,219,,,,,,
192,54,15,1.2,1.2,1.2,1.2,1.18,1.18,1.19,1.21,1.21,39.4,8.24,85,873,87,831,89,807,90,761,9,85,15,123,17,135
193,20,8,1.6,1.5,1.4,1.5,1.19,1.19,1.19,1.19,1.21,35.7,2.68,100,567,100,567,100,569,100,570,9,100,12,131,12,128
194,72,11,1.2,1.2,1.2,1.2,1.05,1.05,1.06,1.06,1.05,46.7,6.93,71,723,71,718,58,581,15,149,6,24,4,17,0,1
195,57,12,1.1,1.2,1.3,1.3,1.17,1.15,1.14,1.25,1.21,46.2,5.65,0,0,0,0,0,0,0,0,,,,,,
196,68,13,1.3,1.3,1.3,1.3,1.11,1.14,1.14,1.18,1.18,53.3,5.31,87,640,87,628,87,625,87,626,28,113,54,218,53,212
197,62,6,1.4,1.5,1.4,1.4,1.13,1.13,1.13,1.13,1.14,28.9,2.33,88,871,88,871,88,875,87,867,21,103,21,106,4,21
198,64,8,1.4,1.4,1.4,1.3,1.09,1.09,1.09,1.09,1.09,48.5,3.14,100,816,100,815,100,806,100,693,10,157,11,158,10,152
199,49,13,1.3,1.3,1.4,1.2,1.16,1.16,1.16,1.18,1.18,36.1,3.97,100,1296,100,1296,100,1254,100,1248,175,1578,176,1586,161,1449
200,35,8,1.5,1.3,1.4,1.4,1.18,1.18,1.18,1.28,1.28,94.8,2.2,100,240,100,240,100,235,100,235,55,387,53,369,51,357
201,60,13,1.5,1.4,1.4,1.4,1.11,1.11,1.13,1.14,1.13,40.8,6.36,96,1104,96,1108,50,576,48,552,4,24,2,12,0,1
202,73,13,1.3,1.3,1.3,1.3,1,1,1,1.01,1.02,55.7,3.2,99,705,99,706,99,706,99,704,79,551,97,679,88,967
203,70,4,1.6,1.4,1.5,1.5,1.16,1.16,1.13,1.14,1.14,48.2,4.75,0,0,0,0,0,0,0,0,,,,,,
204,65,12,1.3,1.3,1.3,1.3,1.12,1.12,1.12,1.12,1.15,75.7,4.85,0,0,0,0,0,0,0,0,,,,,,
205,71,15,1.2,1.2,1.2,1.2,1.04,1.04,1.04,1.04,1,36.9,2.67,56,177,55,172,53,164,34,104,8,15,11,23,10,21
206,75,11,1.4,1.4,1.4,1.4,1.12,1.12,1.12,1.12,1.12,84.1,4.52,100,566,100,566,98,553,89,505,61,304,71,355,80,320
207,73,14,1.3,1.4,1.5,1.4,1.33,1.33,1.33,1.4,1.39,29.2,3.93,100,1494,100,1515,100,1044,100,988,51,461,41,406,39,388
208,34,10,1.6,1.6,1.6,1.6,1.2,1.2,1.2,1.2,1.2,36,4.35,97,706,97,711,100,721,100,717,2,19,3,32,3,50
209,63,12,1.3,1.3,1.4,1.4,1.14,1.14,1.14,1.22,1.21,50.2,7.94,68,988,66,759,66,711,67,702,52,261,47,234,41,207
210,49,9,1.7,1.7,1.7,1.1,1.08,1.08,1.1,1.1,1.1,51.9,2.8,74,1108,69,869,69,872,69,872,29,29,17,17,27,27
211,68,10,1.5,1.5,1.4,1.4,1.07,1.07,1.07,1.08,1.08,49.5,5.77,0,0,0,0,0,0,0,0,,,,,,
212,45,17,1.6,1.6,1.6,1.6,1.27,1.27,1.27,1.2,1.2,55.4,5.61,100,499,100,499,100,499,100,499,406,4871,444,4882,500,5002
213,59,14,1.5,1.6,1.6,1.6,1.11,1.14,1.17,1.17,1.17,46.9,3.62,100,602,100,629,100,627,100,626,7,70,8,78,16,126
215,47,13,1.5,1.4,1.4,1.4,1.09,1.09,1.09,1.09,1.09,53.9,3.68,78,255,78,254,78,252,78,253,2,10,3,16,3,18
216,54,15,1.5,1.5,1.4,1.5,1.02,1.02,1.02,1.02,1.02,36.1,1.79,100,362,100,359,100,362,100,361,1,10,2,16,3,18
217,79,15,1.5,1.5,1.5,1.5,1.08,1.08,1.08,1.08,1.08,34.4,3.09,90,455,90,453,90,449,90,448,2,5,4,11,3,10
218,62,12,1.5,1.5,1.6,1.7,1.04,1.04,1.04,1.06,1.06,46,4.85,90,963,91,1114,91,1118,91,1119,19,75,20,79,28,84
219,55,14,1.3,1.3,1.3,1.3,1.16,1.16,1.16,1.16,1.16,33.7,6.64,92,906,89,699,90,701,93,694,103,2368,97,2139,94,2256
220,78,11,1.5,1.5,1.5,1.3,1.11,1.11,1.11,1.19,1.19,,,52,341,52,344,52,344,52,344,,,,,,
221,73,20,1.2,1.2,1.2,1.2,1.15,1.15,1.15,1.16,1.18,31.6,2.93,51,594,43,442,43,427,42,422,,,,,,
222,65,12,1.5,1.6,1.5,1.5,1.11,1.11,1.11,1.11,1.11,35.7,2.85,89,601,89,599,89,600,89,601,8,23,7,22,6,19
223,65,22,1.5,1.5,1.5,1.5,1.22,1.22,1.22,1.22,1.22,40.7,3.17,100,665,100,673,100,673,100,676,17,135,19,152,24,192
224,42,11,1.3,1.3,1.4,1.4,1.12,1.12,1.12,1.12,1.12,46.8,4.21,96,1031,96,1031,28,302,28,300,9,9,4,4,,
225,89,8,1.4,1.4,1.6,1.2,1.16,1.17,1.15,1.19,1.18,14.6,1.3,0,0,0,0,0,0,0,0,,,,,,
226,51,12,1.5,1.5,1.5,1.5,1.11,1.11,1.11,1.11,1.11,44.7,1.54,100,476,100,476,100,476,100,477,14,42,24,72,32,96
227,72,16,1.2,1.2,1.2,1.2,1.04,1.04,1.04,1.07,1.07,32.4,3.17,45,382,45,382,46,382,0,0,0,0,1,1,0,0
228,58,12,1.5,1.5,1.7,1.4,1.2,1.25,1.28,1.32,1.39,34.2,2.38,0,0,0,0,0,0,0,0,,,,,,
229,80,21,1.2,1.2,1.2,1.2,1.19,1.19,1.19,1.21,1.2,18.4,4.19,16,138,18,136,19,135,12,74,0,0,1,1,0,0
230,23,4,1.6,1.6,1.6,1.6,1.29,1.29,1.28,1.28,1.28,48.5,3.2,100,1233,100,1234,100,1234,100,980,17,168,20,195,19,190
231,64,7,1.5,1.3,1.3,1.3,1.21,1.21,1.18,1.09,1.09,45.8,6.47,46,507,45,495,11,81,9,65,99,99,99,99,131,131
232,75,15,1.5,1.5,1.5,1.5,1.19,1.16,1.14,1.12,1.12,69.5,7.42,46,441,44,412,4,40,3,31,3,3,,,,
233,61,7,1.4,1.4,1.5,1.4,1.19,1.19,1.2,1.2,1.18,20.9,3.48,85,958,73,823,73,824,73,818,14,58,20,79,19,75
234,63,10,1.5,1.5,1.5,1.5,1.13,1.12,1.14,1.14,1.16,23.6,5.05,51,473,51,473,65,604,65,587,95,665,114,797,116,813
235,62,17,1.4,1.4,1.4,1.4,1.13,1.13,1.14,1.14,1.14,38.2,4.59,77,694,78,705,78,708,78,704,4,21,6,32,6,29
236,43,12,1.3,1.3,1.3,1.3,1.08,1.08,1.08,1.1,1.11,49.9,4.54,55,247,55,246,55,247,56,247,33,99,31,93,25,76
237,47,6,1.7,1.6,1.4,1.5,1.17,1.17,1.17,1.18,1.19,35.9,6.29,71,731,71,710,65,639,64,604,21,234,16,239,30,269
238,44,9,1.6,1.5,1.5,1.4,1.16,1.16,1.16,1.17,1.17,32.3,3.96,76,673,75,665,75,664,75,663,,,,,,
240,50,13,1.5,1.5,1.5,1.5,1.2,1.19,1.21,1.26,1.26,56,6.12,100,888,100,888,100,889,99,879,175,1047,133,1064,144,1154
241,60,8,1.5,1.5,1.5,1.5,1.09,1.09,1.09,1.09,1.09,52.9,6.54,55,403,54,401,54,402,54,402,0,0,0,0,0,0
242,89,17,1.6,1.7,1.7,1.2,1.14,1.14,1.14,1.25,1.25,82.8,4.63,0,0,0,0,0,0,0,0,,,,,,
243,100,133,2.1,2.2,2.4,1.3,1.23,1.14,1.14,1.33,1.33,,,4,2,4,2,4,2,4,2,,,,,,
244,85,13,1.5,1.4,1.4,1.4,1.05,1.05,1.05,1.08,1.09,40.7,4.11,9,60,9,60,9,60,9,60,,,,,,
245,56,22,1.3,1.3,1.3,1.3,1.18,1.18,1.18,1.18,1.18,46.7,2.18,100,646,100,646,100,646,100,646,106,532,76,382,63,316
246,75,11,1.5,1.5,1.5,1.5,1.2,1.2,1.2,1.2,1.2,42.9,3.19,100,1206,100,1206,100,1206,100,1206,60,664,86,857,90,899
247,95,26,1.3,1.3,1.3,1.3,1.21,1.21,1.21,1.21,1.21,73,2.22,100,453,100,453,100,454,100,454,42,292,43,304,145,1016
248,78,12,1.3,1.4,1.4,1.4,1.07,1.07,1.15,1.15,1.15,42.3,1.47,100,836,100,836,100,836,100,836,142,711,163,817,143,716
249,80,12,1.6,1.5,1.5,1.5,1.05,1.05,1.05,1.05,1.05,79.2,1.81,100,531,100,531,100,531,100,531,11,107,15,154,15,150
250,57,9,1.1,1.2,1.2,1.2,1.02,1.02,1.02,1.05,1.05,49.2,3.14,33,225,28,191,27,183,25,168,,,,,,
251,67,14,1.4,1.4,1.5,1.4,1.1,1.12,1.09,1.13,1.13,59,4.37,40,269,40,266,33,210,36,219,,,,,,
252,84,17,1.4,1.4,1.4,1.4,0.98,0.98,1,1,1,43.4,2.01,0,0,0,0,0,0,0,0,,,,,,
253,62,13,1.5,1.4,1.5,1.5,1.15,1.15,1.16,1.23,1.19,48.6,6.2,85,732,25,213,26,229,24,207,74,149,81,162,60,120
254,51,22,1.3,1.3,1.5,1.5,1.23,1.23,1.23,1.26,1.26,27.1,4.48,99,567,99,326,99,326,99,326,53,1016,71,1413,72,1359
255,50,6,1.4,1.3,1.3,1.3,1.05,1.05,1.05,1.04,1.04,53.7,6.31,73,897,63,775,62,763,45,552,,,,,,
256,71,12,1.1,1.1,1.1,1.1,1.1,1.09,1.09,1.12,1.1,28.6,15.54,0,0,0,0,0,0,0,0,,,,,,
257,79,11,1.5,1.5,1.5,1.5,1.26,1.26,1.27,1.3,1.3,59.9,10.07,0,0,0,0,0,0,0,0,,,,,,
258,52,19,1.3,1.4,1.4,1.3,1.13,1.13,1.13,1.13,1.13,41.5,6.41,87,895,100,1009,100,1009,100,1010,24,118,31,156,25,153
259,67,8,1.2,1.3,1.3,1.3,1.02,1.02,1.02,1.03,1.03,52.9,4.73,86,842,86,842,86,844,86,841,38,192,41,204,41,205
260,85,19,1.4,1.4,1.4,1.4,1.19,1.2,1.2,1.21,1.21,29.5,7.31,99,1241,99,1237,100,1249,100,1250,38,1107,35,1223,40,1357
261,75,13,1.5,1.5,1.7,1.7,1.09,1.09,1.09,1.12,1.12,4.7,0.54,100,860,100,860,100,860,100,860,1,14,2,30,2,31
262,61,9,1.6,1.6,1.6,1.6,1.08,1.08,1.08,1.07,1.07,27.3,5.31,33,401,33,401,32,400,32,400,1,2,2,6,2,7
263,63,12,1.6,1.5,1.4,1.5,1.03,1.02,1.02,1.02,1.02,32.8,4.32,90,953,90,944,81,837,79,752,2,6,12,12,4,17
264,60,13,1.5,1.5,1.4,1.5,1.07,1.07,1.07,1.07,1.07,35.7,2.58,0,0,0,0,0,0,0,0,,,,,,
265,78,14,1.7,1.7,1.7,1.7,1.04,1.04,1.04,1.04,1.04,68.5,4.44,100,546,100,546,100,545,100,545,6,19,6,18,7,15
266,83,12,1.2,1.2,1.3,1.2,1.09,1.07,1.07,1.19,1.14,24.8,5.7,0,0,0,0,0,0,0,0,,,,,,
267,65,10,1.3,1.3,1.4,1.4,1.11,1.11,1.1,1.12,1.12,52.5,12.86,0,0,0,0,0,0,0,0,,,,,,
268,87,20,1.3,1.3,1.4,1.3,1.08,1.08,1.08,1.1,1.1,38.2,2.96,100,694,100,695,100,695,100,694,4,7,6,12,11,22
269,70,12,1.5,1.5,1.5,1.4,1.12,1.13,1.13,1.14,1.14,40,5.27,99,1198,99,1198,99,1192,98,1174,9,101,7,81,3,30
270,83,22,1.4,1.4,1.4,1.4,1.07,1.07,1.07,1.07,1.07,54.5,1.38,100,598,100,598,100,598,100,598,64,128,81,163,49,98
271,75,18,1.7,1.6,1.6,1.5,1.18,1.18,1.18,1.18,1.18,21.8,1.26,100,448,100,448,100,448,100,448,14,27,24,47,20,39
272,61,9,1.6,1.7,1.3,1.3,1.13,1.13,1.13,1.17,1.15,57.1,2.93,100,780,100,780,100,780,100,780,111,777,121,849,119,833
273,65,9,1.2,1.1,1.2,1.2,1.07,1.07,1.05,1.1,1.1,65.5,5.53,0,0,0,0,0,0,0,0,,,,,,
274,79,21,1.5,1.5,1.3,1.3,1.26,1.26,1.27,1.27,1.27,44.1,1.47,100,554,100,554,100,554,100,554,33,66,20,40,,
275,48,15,1.2,1.2,1.2,1.3,1.01,1.01,1.01,1.01,1.01,37.6,3.25,10,88,11,102,11,101,11,98,,,,,,
276,71,11,1.2,1.2,1.2,1.3,1.02,1.02,1.02,1.03,1.03,61.7,5.44,0,0,0,0,0,0,0,0,,,,,,
277,47,14,1.3,1.3,1.3,1.3,1.15,1.15,1.12,1.14,1.15,42.8,5.4,0,0,0,0,0,1,0,1,,,,,,
278,82,15,1.3,1.3,1.3,1.2,1.16,1.16,1.16,1.16,1.13,50,2.33,0,0,0,0,0,0,0,0,,,,,,
279,49,15,1.3,1.3,1.3,1.2,1.16,1.16,1.17,1.17,1.17,7.8,0.27,0,0,0,0,0,0,0,0,,,,,,
280,68,14,1.5,1.5,1.3,1.4,1,1,1.04,1.04,1.11,25.2,3.23,43,174,43,174,42,168,42,170,20,119,19,130,14,101
281,76,21,1.2,1.2,1.2,1.2,1.17,1.12,1.12,1.12,1.12,35.7,1.8,0,0,0,0,0,0,0,0,,,,,,
282,66,12,1.4,1.4,1.3,1.2,1.07,1.07,1.07,1.07,1.07,54.4,3.56,0,0,0,0,0,0,0,0,,,,,,
283,67,8,1.5,1.4,1.4,1.3,1.09,1.09,1.09,1.09,1.09,71.1,7.6,66,688,66,688,66,690,66,694,87,346,97,388,97,388
284,55,19,1.4,1.4,1.4,1.4,1.21,1.2,1.2,1.14,1.14,39.4,3.41,0,0,0,0,0,0,0,0,,,,,,
285,,,1.4,1.4,1.3,1.2,1.31,1.31,1.31,1.15,1.15,11.7,3.57,94,15,94,15,93,14,100,15,13,591,13,538,14,585
286,76,29,1.2,1.3,1.2,1.3,1.25,1.25,1.25,1.18,1.25,12.9,3.15,0,0,65,55,66,56,64,58,38,268,7,47,6,36
287,69,13,1.3,1.3,1.3,1.3,1.26,1.26,1.26,1.28,1.31,62,12.24,100,1215,100,1232,100,1232,100,1177,76,2421,91,2821,89,2588
288,68,15,1.2,1.2,1.2,1.2,1.03,1.03,1.03,1.07,1.08,51.5,5.87,86,859,86,856,86,840,72,699,8,62,10,77,4,34
289,68,11,1.4,1.4,1.4,1.4,1.17,1.13,1.11,1.11,1.1,73.5,11.07,17,224,17,216,9,117,10,124,92,275,152,303,156,312
290,49,15,1.4,1.4,1.5,1.5,1.24,1.25,1.25,1.26,1.26,54.8,10.52,100,411,100,416,100,416,100,232,425,19121,451,19388,551,19835
291,41,14,1.2,1.2,1.2,1.2,0.96,0.96,1,1,1,51.3,3.02,100,998,100,998,100,998,100,998,,,,,,
292,79,21,1.4,1.4,1.4,1.4,1.15,1.15,1.15,1.18,1.16,37.1,2.98,100,409,100,416,100,415,100,420,57,455,65,519,61,485
293,40,21,2.1,2.1,2.1,2.1,1.37,1.37,1.37,1.37,1.37,53.6,2.36,100,354,100,355,100,354,100,359,58,701,60,784,55,882
294,42,19,1.6,1.6,1.6,1.5,1.07,1.07,1.07,1.07,1.07,73.1,4.22,100,431,100,432,100,434,100,435,45,447,52,523,47,468
295,58,15,1.7,1.7,1.8,1.8,1.29,1.29,1.29,1.37,1.39,83.9,3.81,100,521,100,521,100,521,100,438,41,412,44,442,47,472
296,67,12,1.3,1.3,1.4,1.3,1.18,1.18,1.19,1.24,1.24,23.6,3.96,0,0,0,0,0,0,0,0,,,,,,
297,33,26,1.7,1.7,1.8,1.8,1.08,1.08,1.08,1.17,1.17,48.1,1.53,92,138,92,138,92,138,92,139,,,,,,
298,23,12,1.5,1.5,1.6,1.3,1.18,1.18,1.18,1.29,1.29,32.2,1.78,100,798,100,798,100,798,100,799,28,311,32,356,28,312
299,66,14,1.2,1.2,1.1,1.1,1.1,1.1,1.1,1.12,1.11,31,3.68,73,861,73,845,65,744,65,741,0,0,0,0,0,0
300,35,15,1.3,1.3,1.2,1.2,1.15,1.15,1.15,1.18,1.18,0.6,0.07,100,576,100,576,100,576,100,573,32,258,30,300,32,322
301,59,8,1.4,1.3,1.2,1.2,1.05,1.05,1.05,1.05,1.05,41.3,3.79,2,14,1,10,1,10,2,14,,,,,,
302,48,12,1.4,1.4,1.4,1.4,1.04,1.04,1.04,1.06,1.06,29.9,2.93,95,1147,95,1147,95,1147,95,1148,28,169,35,211,31,186
303,64,10,1.7,1.6,1.7,1.6,1.26,1.26,1.26,1.29,1.29,55.7,3.12,100,898,100,898,100,898,100,898,22,108,22,111,16,82
304,47,11,1.5,1.6,1.6,1.6,0.94,0.94,1,1,1,89.2,1.54,100,378,100,378,100,378,100,378,151,757,105,419,391,1954
305,82,7,1.5,1.4,1.4,1.4,1.16,1.16,1.16,1.16,1.16,19.9,1.41,41,168,41,168,41,168,41,168,,,,,,
306,52,41,1.3,1.2,1.2,1.3,1.17,1.17,1.17,1.15,1.23,49.5,5.26,100,412,100,356,100,360,100,434,45,1180,65,1176,72,1288
307,52,17,1.5,1.5,1.5,1.4,1.17,1.17,1.17,1.19,1.16,48.5,5.65,100,1440,100,1099,100,1101,100,1101,19,132,20,159,15,123
308,82,16,1.1,1.1,1.1,1.1,1.03,1.03,1.03,1.05,1.05,58.8,3.35,0,0,0,0,0,0,0,0,,,,,,
309,65,12,1.5,1.4,1.5,1.5,1.05,1.05,1.08,1.14,1.16,29.4,3.24,0,0,0,0,0,0,0,0,,,,,,
310,62,13,1.6,1.6,1.6,1.6,1.12,1.12,1.12,1.14,1.14,48.4,5.19,0,0,0,0,0,0,0,0,,,,,,
311,52,20,1.7,1.8,1.9,1.9,1.43,1.43,1.43,1.44,1.44,32,5,100,573,100,577,100,581,100,593,32,512,29,492,27,519
312,88,12,1.6,1.6,1.6,1.6,1.24,1.24,1.24,1.24,1.24,43.1,2.46,100,622,100,623,100,624,100,624,152,1518,173,1727,136,1359
313,49,18,1.3,1.3,1.3,1.3,1.01,1.01,1.03,1.03,1.04,23.4,2.07,99,570,99,570,100,575,100,575,30,455,34,538,54,647
314,66,25,2,1.9,1.9,2,1.17,1.17,1.17,1.17,1.19,49.7,3.48,100,933,100,948,100,948,100,950,144,862,153,920,150,901
315,47,12,1.6,1.6,1.6,1.6,1.28,1.29,1.3,1.32,1.32,59,4.26,100,397,100,396,100,395,100,320,50,900,47,937,35,815
316,78,3,1.6,1.6,1.5,1.8,1.19,1.19,1.19,1.19,1.31,53.8,4.55,100,1449,100,1449,100,1449,100,1449,67,607,76,683,134,1205
317,84,16,1.4,1.4,1.6,1.4,1.12,1.12,1.12,1.21,1.21,54.8,2.78,100,308,100,305,100,305,100,309,13,63,14,68,15,74
318,68,10,1.5,1.6,1.6,1.6,1.13,1.12,1.12,1.12,1.13,41.1,4.12,23,160,23,160,23,160,23,162,31,62,39,78,44,88
319,53,9,1.5,1.5,1.5,1.5,1.14,1.14,1.14,1.16,1.15,23.4,3.36,40,434,40,433,78,844,76,775,25,123,27,191,27,192
320,42,22,1.6,1.7,1.6,1.7,1.24,1.24,1.24,1.24,1.24,71.7,5.35,100,446,100,467,100,476,100,475,91,730,95,764,106,851
321,46,14,1.6,1.6,1.6,1.6,1.22,1.22,1.22,1.22,1.22,60.1,3.81,100,478,100,477,100,473,100,481,21,410,20,402,17,352
322,80,15,1.6,1.6,1.6,1.6,1.04,1.04,1.04,1.04,1.04,20.1,1.12,79,337,79,337,80,339,80,339,7,7,9,9,10,10
323,96,4,1.6,1.5,1.5,1.5,1.07,1.07,1.07,1.07,1.07,49.1,5.48,99,885,99,886,99,886,99,886,36,401,42,466,46,508
324,74,9,1,1.1,1.2,1.2,1.05,1.05,1.05,1.13,1.12,7.6,1.46,0,0,0,0,0,0,0,0,,,,,,
325,71,16,1.5,1.5,1.5,1.5,1.15,1.15,1.15,1.16,1.17,27.3,3.75,78,885,78,884,78,874,78,870,105,315,105,315,7,14
326,34,23,1.9,1.9,2,1.8,1.32,1.32,1.32,1.32,1.32,80,3.39,100,411,100,410,100,411,100,412,97,1259,103,1334,98,1379
327,78,24,1.6,1.6,1.7,1.7,1.21,1.21,1.21,1.21,1.21,38.6,2.13,100,626,100,626,100,626,100,627,24,266,26,291,15,151
328,65,10,1.5,1.5,1.6,1.6,1.25,1.25,1.26,1.28,1.28,21.2,3.59,83,316,83,316,83,316,83,317,21,206,25,221,19,173
329,58,21,1.5,1.4,1.4,1.4,1.06,1.06,1.04,1.04,1.04,57.9,5.34,79,598,79,598,79,601,79,601,58,405,62,431,72,502
330,80,22,1.4,1.4,1.4,1.4,1.03,1.03,1.03,1.04,1.04,39.1,3.77,33,257,5,38,5,38,5,38,,,,,,
331,72,14,1.4,1.4,1.4,1.3,1.29,1.25,1.24,1.24,1.23,24.9,5.66,96,666,96,665,96,665,96,666,179,2504,195,2334,224,2236
332,75,10,1.7,1.5,1.5,1.2,1.15,1.15,1.15,1.17,1.19,30.7,2.93,67,481,66,449,65,424,63,381,14,56,19,76,15,60
333,57,15,1.5,1.6,1.5,1.6,1.15,1.15,1.16,1.16,1.17,31.6,4.42,12,122,11,118,11,118,12,119,,,,,,
334,67,32,2.5,2.5,2.1,1.2,1.24,1.23,1.23,1.23,1.23,13.3,0.61,100,356,100,356,100,356,100,360,32,225,40,364,45,315
335,71,11,1.3,1.4,1.5,1.5,1.12,1.12,1.12,1.19,1.24,65.8,10.76,0,0,0,0,0,0,0,0,,,,,,
336,65,9,1.3,1.3,1.4,1.4,1.23,1.22,1.23,1.31,1.3,38.6,9.67,0,0,0,0,45,818,44,711,,,4,4,0,0
337,80,20,1.1,1.2,1.2,1.2,1.14,1.14,1.14,1.2,1.19,61.3,7.39,0,0,0,0,0,0,0,0,,,,,,
338,56,18,1.5,1.5,1.8,1.5,1.27,1.29,1.29,1.33,1.33,82.8,3.7,100,1334,100,1334,100,1053,100,1053,71,641,73,654,89,805
339,39,9,1.5,1.5,1.6,1.5,1.38,1.38,1.39,1.47,1.46,57.1,6.22,100,1186,100,1099,100,954,100,889,265,2920,159,2863,163,2603
340,48,8,1.6,1.7,1.8,1.8,1.42,1.42,1.42,1.48,1.48,77.4,10.59,100,4182,100,4003,100,3959,100,3911,105,2524,103,2673,112,3372
341,39,5,1.7,1.7,1.9,1.9,1.55,1.54,1.55,1.71,1.69,74.3,12.64,100,1898,100,1797,100,1798,100,1816,263,12338,292,12844,346,14873
342,12,12,1.7,1.7,2.2,2.2,1.48,1.51,1.52,1.86,1.85,73.7,8.28,100,424,100,424,100,357,100,357,2047,131004,2348,138503,2096,140452
343,44,14,1.8,1.8,1.8,1.7,1.39,1.39,1.39,1.4,1.4,81.5,8.51,100,861,100,858,100,844,100,940,59,713,66,796,66,786
344,53,6,1.6,1.6,1.5,1.5,1.29,1.3,1.3,1.3,1.31,58.1,4.84,100,794,100,787,100,752,100,727,76,380,78,469,80,479
345,71,17,1.3,1.3,1.3,1.3,1.27,1.27,1.27,1.3,1.29,19.6,2.63,52,197,52,196,52,196,52,196,19,39,25,51,26,52
346,59,14,1.4,1.5,1.4,1.4,1.23,1.23,1.23,1.23,1.23,14.8,2.04,100,1051,100,1055,100,1054,100,1056,45,627,39,506,41,581
347,22,10,1.9,1.8,1.9,1.8,1.25,1.24,1.24,1.24,1.24,89.8,4.22,100,345,100,347,100,347,100,278,134,1071,159,1272,166,1495
348,67,11,1.4,1.4,1.5,1.4,1.21,1.21,1.21,1.23,1.24,19,5.87,60,765,60,766,60,765,60,768,9,60,6,40,7,46
349,59,14,1.4,1.4,1.4,1.4,1.14,1.15,1.15,1.15,1.15,35.1,2.02,93,734,93,734,100,787,100,787,17,84,15,77,13,64
350,62,12,1.4,1.4,1.4,1.4,1.14,1.14,1.14,1.14,1.15,49.2,3.33,67,505,67,505,67,505,67,504,0,0,0,0,0,0
351,75,16,1.6,1.6,1.6,1.6,1.09,1.09,1.09,1.09,1.09,51.6,2.95,98,433,98,430,100,414,100,395,2,11,4,20,4,20
352,65,11,1.2,1.2,1.2,1.2,1.04,1.04,1.05,1.05,1.05,59.1,3.57,100,1141,100,1141,100,1140,34,390,9,17,6,12,1,1
353,67,7,1.6,1.6,1.6,1.5,1.18,1.19,1.19,1.19,1.19,61.8,9.64,91,914,91,913,91,905,91,879,1,15,2,25,2,22
354,64,14,1.4,1.4,1.4,1.4,1.24,1.24,1.24,1.24,1.24,50.1,3.17,100,1012,100,1012,100,1012,100,1012,4,31,6,48,6,34
355,62,12,1.2,1.3,1.3,1.3,1.13,1.13,1.13,1.24,1.2,49.3,5.39,39,405,39,406,39,406,35,364,43,213,49,247,41,207
356,62,4,1.4,1.4,1.4,1.4,1.07,1.07,1.07,1.08,1.08,53.8,10.94,56,1053,53,996,53,996,53,996,,,,,,
357,45,6,1.6,1.7,1.7,1.7,1.14,1.14,1.14,1.16,1.16,43.7,4.14,99,1427,99,1428,99,1389,99,1389,30,149,35,175,31,187
358,38,3,1.8,1.7,1.7,1.7,1.25,1.25,1.25,1.25,1.24,51.3,9.1,100,1665,100,1497,100,1497,100,1497,59,1599,52,1417,52,1548
359,54,13,1.4,1.4,1.4,1.4,1.17,1.18,1.2,1.2,1.2,39.2,4.88,100,1064,100,1060,100,1061,100,1055,3,31,4,44,4,42
360,83,14,1.2,1.1,1.2,1.1,1.07,1.07,1.07,1.09,1.09,39.9,9.87,31,468,31,470,32,465,0,0,36,71,52,104,4,7
361,33,13,1.6,1.6,1.8,1.7,1.42,1.42,1.42,1.46,1.46,53.3,8.46,100,596,100,451,100,451,100,456,39,927,38,917,34,928
362,47,8,1.8,1.7,1.8,1.8,1.27,1.27,1.27,1.26,1.26,39.5,5.9,100,1303,100,1309,100,1311,100,1314,55,1370,46,1601,47,1656
363,53,6,1.3,1.3,1.4,1.4,1.23,1.23,1.23,1.25,1.26,35.4,9.49,100,1205,100,1207,100,1208,100,1120,46,1108,48,1160,49,1164
364,16,5,1.6,1.7,1.6,1.6,1.34,1.34,1.34,1.34,1.34,80.4,9.64,100,1149,100,1143,100,1122,100,1119,15,180,14,167,13,156
365,46,4,2.1,2,2.1,2.1,1.36,1.36,1.36,1.39,1.39,63.9,5.86,100,826,100,826,100,825,82,532,18,71,19,78,5,20
366,63,6,1.4,1.4,1.3,1.3,1.27,1.27,1.27,1.19,1.19,60.3,5,100,441,100,459,100,442,100,583,69,826,74,888,75,898
367,33,4,1.8,1.8,1.9,1.9,1.4,1.41,1.42,1.46,1.46,78.7,20.13,100,3094,100,2724,100,2735,100,2546,75,4925,112,6691,128,7696
368,64,9,1.5,1.5,1.6,1.6,1.24,1.24,1.24,1.32,1.32,10,1.92,100,1184,100,1184,100,1184,100,1184,100,1899,102,1942,90,1612
369,65,12,1.6,1.6,1.6,1.6,1.29,1.29,1.29,1.29,1.29,62.4,5.56,100,465,100,469,100,509,100,527,34,1186,37,1294,36,1288
370,72,13,1.6,1.6,1.6,1.6,1.21,1.21,1.21,1.21,1.21,92.8,9.26,100,1219,100,1217,100,1236,100,1228,56,2535,61,2799,60,2807
371,61,18,1.6,1.6,1.6,1.6,1.29,1.3,1.3,1.3,1.32,68.4,20.61,100,2254,100,2254,100,2256,100,2258,86,4647,87,5134,86,5047
372,67,9,1.4,1.5,1.5,1.5,1.11,1.11,1.11,1.13,1.14,83.3,36.33,8,342,7,326,0,0,0,0,,,,,,
373,45,11,1.6,1.6,1.6,1.6,1.23,1.23,1.23,1.23,1.23,45.7,8.37,70,778,70,778,70,778,70,776,12,105,12,106,15,133
374,48,8,1.6,1.6,1.7,1.7,1.27,1.27,1.27,1.3,1.3,55.4,8.19,100,1137,100,1138,100,1137,100,1148,43,1334,46,1394,45,1365
375,57,9,1.7,1.8,1.7,1.7,1.13,1.13,1.14,1.16,1.15,39.3,6.56,76,659,76,657,76,655,75,648,3,12,4,17,6,23
376,72,9,1.4,1.4,1.3,1.3,1.06,1.06,1.06,1.07,1.07,35.4,7.1,76,1153,75,1086,74,1080,74,1066,14,130,16,142,17,133
377,68,10,1.4,1.4,1.4,1.4,1.12,1.12,1.12,1.13,1.13,54.6,12.77,0,0,0,0,5,102,5,102,,,,,,
378,40,6,1.9,1.9,1.9,1.9,1.34,1.34,1.34,1.35,1.35,69.7,16.27,100,2168,100,2145,100,2114,100,2105,51,1130,51,1223,46,1095
379,69,3,1.4,1.3,1.3,1.3,1.07,1.07,1.08,1.08,1.08,67.5,13.82,0,0,0,0,0,0,0,0,,,,,,
380,75,11,1.4,1.4,1.4,1.4,1.08,1.08,1.08,1.09,1.09,25.9,8.24,7,134,1,23,3,63,3,62,,,,,,
381,33,4,1.8,1.7,1.7,1.8,1.29,1.29,1.29,1.3,1.32,62.6,8.76,99,2057,99,1730,100,1740,100,1744,254,4326,238,3805,199,3176
382,36,5,1.8,1.8,1.8,1.8,1.38,1.38,1.38,1.41,1.42,73.1,10.24,100,915,100,931,100,933,100,947,68,2174,65,2402,78,2878
383,62,2,1.7,1.7,1.7,1.7,1.29,1.29,1.29,1.29,1.29,48.5,7.54,95,1510,95,1510,95,1510,95,1515,23,343,26,391,27,398
384,59,13,1.8,1.8,2,2,1.44,1.44,1.44,1.64,1.61,81.1,10.53,100,1821,100,1813,100,1460,100,1465,189,5478,217,6514,281,8979
385,47,12,1.4,1.4,1.4,1.4,1.2,1.2,1.2,1.2,1.2,27.5,6.42,100,1984,100,1989,100,2014,100,2015,46,1826,47,1895,50,2083
386,46,8,2.3,2.2,2.3,2.2,1.45,1.45,1.45,1.47,1.47,69.7,7.35,100,841,100,845,100,847,100,846,69,414,79,471,77,464
387,46,9,1.4,1.5,1.6,1.5,1.33,1.33,1.33,1.39,1.36,40.4,14.36,100,943,100,945,100,947,100,951,47,2275,55,2691,56,2752
388,36,10,1.9,1.9,2,1.9,1.49,1.49,1.49,1.57,1.57,79.3,10.65,100,985,100,975,100,827,100,837,273,5995,273,6012,268,5634
389,59,12,2,1.9,1.9,1.9,1.25,1.26,1.26,1.26,1.26,37.7,10.84,100,3575,100,3565,100,3567,100,3313,90,3232,93,3364,81,3327
390,64,14,1.7,1.7,1.6,1.6,1.2,1.2,1.2,1.2,1.2,81.5,5.68,100,783,100,781,100,789,100,791,60,663,65,712,64,701
391,75,24,1.8,1.8,1.8,1.8,1.21,1.21,1.21,1.21,1.22,44,5.96,21,206,21,205,21,201,21,201,,,,,,
392,27,4,1.9,2,2,2,1.44,1.44,1.44,1.44,1.44,89.8,33.44,100,4079,100,4078,100,4031,100,4036,18,916,19,945,14,985
393,39,7,2,1.9,1.9,1.9,1.35,1.35,1.35,1.36,1.36,47.7,13.16,97,2611,88,2472,100,2924,100,2921,22,660,27,818,27,811
394,54,2,1.7,1.6,1.6,1.6,1.17,1.17,1.17,1.16,1.16,49.8,4.71,98,1408,98,1410,98,1399,98,1396,5,22,10,39,11,46
395,69,9,1.4,1.5,1.5,,1.13,1.13,1.13,1.08,,39.3,4.87,0,2,0,2,65,433,100,651,,,2,7,0,3
396,76,9,1.1,1.1,1.2,,1.09,1.09,1.09,1.21,,,,0,0,0,0,0,0,0,0,,,,,,
397,61,20,1.3,1.4,1.4,,1.26,1.23,1.25,1.29,,75,4.2,100,1128,100,1086,100,921,100,922,6,13,6,13,9,18
398,40,29,1.3,1.4,1.5,,1.22,1.23,1.23,1.33,,70.2,3.87,95,393,94,375,94,362,94,327,2,3,2,4,5,9
399,52,12,1.3,1.4,1.6,,1.32,1.33,1.33,1.39,,52.2,8.52,99,1051,99,1027,99,1021,99,1021,151,905,173,1041,167,1000
400,66,10,1.1,1.1,1.2,,1,0.99,1,1,,67.8,8.13,33,289,33,289,33,288,0,0,1,3,1,2,0,0
401,65,10,1.1,1.2,1.3,,1.11,1.11,1.11,1.15,,28,4.63,0,0,0,0,0,0,39,324,,,,,0,0
402,69,12,1.1,1.1,1.2,,1.14,1.14,1.14,1.19,,11.6,2.47,0,0,0,0,0,0,1,6,,,,,,
403,74,8,1.3,1.3,1.3,,1.11,1.1,1.11,1.11,,,,10,72,11,71,10,65,29,178,68,68,118,118,26,103
404,63,6,1.3,1.3,1.3,,1.17,1.17,1.17,1.2,,64.1,6.41,99,845,98,828,98,829,84,713,8,34,11,43,11,42
405,60,13,1.4,1.4,1.7,,1.33,1.35,1.35,1.56,,84.9,12.52,34,470,34,471,34,471,34,471,,,,,,
406,68,16,1.2,1.2,1.3,,1.15,1.15,1.15,1.16,,13.5,2.77,9,82,10,82,8,68,22,169,,,,,2,4
407,75,18,1.3,1.3,1.3,,1.11,1.11,1.11,1.12,,,,26,185,26,184,26,185,26,183,6,6,6,11,9,18
408,71,6,1.5,1.5,1.5,,1.18,1.18,1.18,1.18,,,,47,503,47,503,47,498,75,770,0,1,0,2,1,7
409,66,12,1.4,1.4,1.4,,1.12,1.12,1.12,1.12,,57.8,11.36,26,275,26,275,26,269,26,263,2,4,3,7,4,8
410,69,9,2.2,2.2,2.2,,1.11,1.11,1.11,1.13,,61.8,3.72,97,974,97,972,97,973,97,963,1,6,3,11,3,13
411,59,13,1.9,1.9,2.2,,1.24,1.27,1.27,1.53,,84,8.44,26,164,27,165,27,165,25,154,1,2,1,2,1,2
412,47,18,1.5,1.5,1.3,,1.11,1.11,1.11,1.19,,8.6,1.32,2,4,2,4,1,2,1,2,,,,,,
413,77,14,1.5,1.5,1.1,,1.08,1.08,1.09,1.1,,48.4,8.23,11,129,10,127,18,214,16,192,2,8,4,18,2,12
416,56,12,2.1,2.1,1.5,,1.29,1.29,1.29,1.32,,66.6,5.07,100,893,100,893,100,893,100,893,575,1726,611,1832,267,1866
417,57,11,1.7,1.8,1.4,,1.23,1.23,1.25,1.28,,69.1,8.28,61,438,67,437,78,508,78,507,6,19,8,25,9,28
418,75,16,1.6,1.6,1.3,,1.24,1.24,1.24,1.26,,65.2,11.6,91,1063,90,1055,90,1055,91,1063,5,44,6,45,6,50
419,67,12,1.5,1.6,1.1,,1.04,1.04,1.04,1.02,,62.8,7.11,18,170,19,177,15,147,16,149,,,,,,
420,72,13,1.5,1.5,1.1,,1.11,1.1,1.1,1.1,,57.8,8.98,36,400,36,403,37,404,38,400,9,18,11,22,13,26
421,76,10,1.8,1.8,1.3,,1.31,1.31,1.3,1.3,,53.5,6.66,0,0,0,0,0,0,0,0,,,,,,
422,62,13,1.5,1.5,1.5,,1.32,1.32,1.32,1.37,,28.5,10.34,64,525,65,526,92,535,92,534,10,175,9,170,7,167
423,73,13,1.3,1.3,1.4,,1.16,1.17,1.17,1.26,,,,0,0,0,0,0,0,0,0,,,,,,
424,78,9,1,1.1,1.1,,1.06,1.04,1.05,1.06,,19.1,3.37,46,359,46,360,47,364,47,364,4,4,2,2,6,6
425,77,13,1,1.1,1.1,,1.07,1.02,1.02,1.1,,,,0,0,0,0,0,0,0,0,,,,,,
426,74,10,1,1.1,1.1,,1.04,1.04,1.04,1.04,,60.7,6.26,50,401,48,386,79,643,71,573,124,124,71,141,45,136
428,85,13,1.3,1.4,1.4,,1.12,1.12,1.12,1.16,,,,0,0,0,0,0,0,0,0,,,,,,
430,65,18,1.7,1.7,1.6,,1.26,1.26,1.27,1.31,,,,39,633,38,591,39,590,46,595,,,,,,
431,88,19,1.2,1.2,1.3,,1.04,1.04,1.04,1.06,,,,37,254,36,251,37,250,37,249,1,3,3,10,2,6
432,63,9,1.1,1.1,1.1,,1.06,1.06,1.08,1.09,,23.4,4.84,1,10,1,10,0,0,0,0,13,13,,,,
433,74,18,1.2,1.2,1.5,,1.07,1.07,1.07,1.14,,61.8,3.9,0,0,0,0,0,0,0,0,,,,,,
434,56,10,1.2,1.2,1.3,,1.17,1.17,1.17,1.29,,45.6,12.48,0,0,0,0,0,0,0,0,,,,,,
435,20,17,1.7,1.7,1.7,,1.12,1.12,1.12,1.12,,,,54,132,56,131,57,131,60,132,1,1,0,1,1,1
436,82,15,1.1,1.2,1.2,,1.04,1.04,1.04,1.04,,,,73,443,73,443,73,443,73,443,5,11,13,27,11,22
437,70,9,1.3,1.3,1.4,,1.3,1.29,1.28,1.41,,33.9,12.35,43,575,42,535,71,816,72,722,8,62,4,29,3,58
438,59,26,1.3,1.4,1.6,,1.31,1.31,1.34,1.51,,30.4,7.01,59,546,60,487,61,415,54,221,8,31,9,34,9,36
442,85,10,1.1,1.2,1.4,,1.03,1.03,1.03,1.09,,,,89,650,89,643,88,633,89,634,1,1,2,2,1,1
443,55,0,1.2,1.2,1.6,,0.97,0.97,1,1.02,,,,0,0,0,0,0,0,0,0,,,,,,
444,49,10,1.1,1.1,1.5,,1,1,1,1.08,,,,0,0,0,0,0,0,0,0,,,,,,
445,58,13,1.2,1.2,1.3,,1.06,1.06,1.06,1.06,,57.8,7.38,55,561,55,560,60,609,60,608,1,1,1,1,1,2
446,72,19,1.2,1.2,1.1,,1.12,1.12,1.12,1.12,,52.8,5.08,31,162,32,162,34,162,34,162,,,,,,
447,70,8,1.5,1.4,1.3,,1.38,1.37,1.32,1.32,,71,12.23,0,0,0,0,0,0,0,0,,,,,,
448,57,10,1.3,1.3,1.5,,1.32,1.32,1.32,1.46,,59,13.01,99,1582,99,1519,99,1473,93,1206,5,53,7,67,6,61
449,72,7,1.1,1.1,1.1,,1.08,1.08,1.08,1.08,,62.3,10.48,23,213,23,217,23,213,23,209,8,8,10,10,7,7
450,78,9,1.2,1.2,1.3,,1.22,1.22,1.22,1.26,,27.2,10.94,0,0,0,0,0,0,0,0,,,,,,
451,70,8,1.2,1.2,1.5,,1.21,1.21,1.21,1.34,,29.7,10.63,0,0,0,0,0,0,0,0,,,,,,
452,53,12,1.2,1.3,1.3,,1.23,1.23,1.22,1.25,,51.4,8.37,85,511,85,510,89,539,87,450,9,118,10,124,6,109
453,71,19,1.3,1.3,1.3,,1.18,1.18,1.18,1.19,,,,10,95,10,96,10,96,11,98,,,,,,
454,89,9,1.1,1.1,1.2,,1.03,1.03,1.03,1.08,,,,5,29,5,29,5,29,5,29,,,,,,
455,73,13,1.1,1.1,1.2,,1.07,1.07,1.07,1.15,,,,0,0,0,0,0,0,18,135,,,,,0,0
456,73,21,1.3,1.3,1.4,,1.25,1.25,1.28,1.29,,61.4,4.17,100,545,100,544,100,550,98,195,137,274,187,374,188,376
457,62,11,1,1,1.1,,1,1,1,1,,52.9,3.33,51,186,50,184,48,176,0,0,0,0,,,,
458,61,19,1.2,1.2,1.5,,1.2,1.2,1.2,1.33,,40.4,2.6,45,178,41,161,41,161,38,150,1,1,1,1,1,1
459,77,15,1.1,1.1,1.1,,1.04,1.04,1.04,1.05,,69.1,10.28,13,125,13,125,13,126,13,125,,,,,,
460,60,9,1.2,1.2,1.2,,1.16,1.16,1.15,1.17,,53.6,10.49,38,411,38,411,38,408,39,408,10,21,9,19,9,19
462,59,13,1.3,1.3,1.5,,1.22,1.24,1.23,1.37,,27.6,8.06,25,198,26,201,60,445,58,400,11,32,13,40,3,30
463,59,12,1.2,1.1,1.1,,1.08,1.08,1.08,1.09,,38,4.19,100,1009,100,1009,100,1011,100,1002,4,28,8,63,9,80
464,70,12,1.3,1.3,1.4,,1.33,1.33,1.32,1.32,,55.5,12.35,89,1131,89,1131,89,1133,90,1108,16,186,17,190,13,174
465,52,13,1.2,1.2,1.2,,1.11,1.11,1.11,1.14,,16.7,1.48,0,2,0,2,0,0,0,0,,,,,,
466,67,13,1.3,1.3,1.4,,1.25,1.29,1.29,1.32,,27.5,7.81,9,85,9,85,9,86,9,86,,,,,,
467,62,16,1.3,1.2,1.2,,1.16,1.16,1.16,1.19,,66.8,7.37,71,506,71,504,58,410,60,407,3,10,3,7,11,34
468,32,26,1.2,1.2,1.1,,0.98,0.98,1,1.05,,20.1,1.26,56,48,57,50,56,49,56,49,3,6,3,6,2,4
469,57,9,1.3,1.3,1.4,,1.25,1.25,1.25,1.37,,26.4,5.22,0,0,0,0,0,0,0,0,,,,,,
470,69,4,1.1,1.1,1.1,,1.07,1.07,1.07,1.09,,34.4,4.19,51,529,51,527,52,532,51,523,,,,,,
471,35,9,1.4,1.4,1.6,,1.28,1.28,1.28,1.34,,59,10.23,98,1248,98,1248,98,1252,98,1248,35,461,38,529,40,523
472,81,23,1.3,1.4,1.7,,1.12,1.13,1.13,1.13,,44.9,3.57,9,50,9,49,9,49,8,42,,,,,,
473,43,10,1.2,1.3,1.3,,1.19,1.19,1.27,1.3,,53.8,8.05,100,1038,100,1042,100,1028,100,1017,19,280,23,343,21,316
474,63,15,1.2,1.2,1.2,,1.16,1.16,1.16,1.18,,50,6.03,67,766,67,765,67,766,67,764,13,38,15,46,14,42
475,62,15,1.2,1.2,1.6,,1.2,1.19,1.18,1.23,,51.9,6.64,35,294,35,296,35,286,46,273,2,12,2,14,2,8
